"Ocean:100", "Ocean:100", "Ocean:100", "Ocean:100", "Ocean:100", "Ocean:100", "Ocean:100", "Ocean:100", "Ocean:100", "Ocean:100", "Ocean:100", "Ocean:100", "Ocean:100", "Ocean:100", "Ocean:100", "Ocean:100", "Ocean:100", "Ocean:100", "Ocean:100", "Ocean:100", "Ocean:100", "Ocean:100", "Ocean:100", "Ocean:100", "Ocean:100", "Ocean:100", "Ocean:100", "Ocean:100", "Ocean:100", "Ocean:100", "Ocean:100", "Ocean:100", "Ocean:100", "Ocean:100", "Ocean:100", "Ocean:100", "Ocean:100", "Ocean:100", "Ocean:100", "Ocean:100", "Ocean:100", "Ocean:100", "Ocean:100", "Ocean:100", "Ocean:100", "Ocean:100", "Ocean:100", "Ocean:100", "Ocean:100", "Ocean:100", "Ocean:100", "Ocean:100", "Ocean:100", "Ocean:100", "Ocean:100", "Ocean:100", "Ocean:100", "Ocean:100", "Ocean:100", "Ocean:100"
"Ocean:100", "Ocean:100", "Ocean:100", "Ocean:100", "Ocean:100", "Ocean:100", "Ocean:100", "Ocean:100", "Ocean:100", "Ocean:100", "Ocean:100", "Ocean:100", "Ocean:100", "Ocean:100", "Ocean:100", "Ocean:100", "Ocean:100", "Ocean:100", "Ocean:100", "Ocean:100", "Ocean:100", "Ocean:100", "Ocean:100", "Ocean:100", "Ocean:100", "Ocean:100", "Ocean:100", "Ocean:100", "Ocean:100", "Ocean:100", "Ocean:100", "Ocean:100", "Ocean:100", "Ocean:100", "Ocean:100", "Ocean:100", "Ocean:100", "Ocean:100", "Ocean:100", "Ocean:100", "Ocean:100", "Ocean:100", "Ocean:100", "Ocean:100", "Ocean:100", "Ocean:100", "Ocean:100", "Ocean:100", "Ocean:100", "Ocean:100", "Ocean:100", "Ocean:100", "Ocean:100", "Ocean:100", "Ocean:100", "Ocean:100", "Ocean:100", "Ocean:100", "Ocean:100", "Ocean:100"
"Ocean:100", "Ocean:100", "Ocean:100", "Ocean:100", "Ocean:100", "Ocean:100", "Ocean:100", "Ocean:100", "Ocean:100", "Ocean:100", "Ocean:100", "Ocean:100", "Ocean:100", "Ocean:100", "Ocean:100", "Ocean:100", "Ocean:100", "Ocean:100", "Ocean:100", "Ocean:100", "Ocean:100", "Ocean:100", "Ocean:100", "Ocean:100", "Ocean:100", "Ocean:100", "Ocean:100", "Ocean:100", "Ocean:100", "Ocean:100", "Ocean:100", "Ocean:100", "Ocean:100", "Ocean:100", "Ocean:100", "Ocean:100", "Ocean:100", "Ocean:100", "Ocean:100", "Ocean:100", "Ocean:100", "Ocean:100", "Ocean:100", "Ocean:100", "Ocean:100", "Ocean:100", "Ocean:100", "Ocean:100", "Ocean:100", "Ocean:100", "Ocean:100", "Ocean:100", "Ocean:100", "Ocean:100", "Ocean:100", "Ocean:100", "Ocean:100", "Ocean:100", "Ocean:100", "Ocean:100"
"Ocean:100", "Ocean:100", "Ocean:100", "Ocean:100", "Ocean:100", "Ocean:100", "Ocean:100", "Ocean:100", "Ocean:100", "Ocean:100", "Ocean:100", "Ocean:100", "Ocean:100", "Ocean:100", "Ocean:100", "Ocean:100", "Ocean:100", "Ocean:100", "Ocean:100", "Ocean:100", "Ocean:100", "Ocean:100", "Ocean:100", "Ocean:100", "Ocean:100", "Ocean:100", "Ocean:100", "Ocean:100", "Ocean:100", "Ocean:100", "Ocean:100", "Ocean:100", "Ocean:100", "Ocean:100", "Ocean:100", "Ocean:100", "Ocean:100", "Ocean:100", "Ocean:100", "Ocean:100", "Ocean:100", "Ocean:100", "Ocean:100", "Ocean:100", "Ocean:100", "Ocean:100", "Ocean:100", "Ocean:100", "Ocean:100", "Ocean:100", "Ocean:100", "Ocean:100", "Ocean:100", "Ocean:100", "Ocean:100", "Ocean:100", "Ocean:100", "Ocean:100", "Ocean:100", "Ocean:100"
"Ocean:100", "Ocean:100", "Ocean:100", "Ocean:100", "Ocean:100", "Ocean:100", "Ocean:100", "Ocean:100", "Ocean:100", "Ocean:100", "Ocean:100", "Ocean:100", "Ocean:100", "Ocean:100", "Ocean:100", "Ocean:100", "Ocean:100", "Ocean:100", "Ocean:100", "Ocean:100", "Ocean:100", "Ocean:100", "Ocean:100", "Ocean:100", "Ocean:100", "Ocean:100", "Ocean:100", "Ocean:100", "Ocean:100", "Ocean:100", "Ocean:100", "Ocean:100", "Ocean:100", "Ocean:100", "Ocean:100", "Ocean:100", "Ocean:100", "Ocean:100", "Ocean:100", "Ocean:100", "Ocean:100", "Ocean:100", "Ocean:100", "Ocean:100", "Ocean:100", "Ocean:100", "Ocean:100", "Ocean:100", "Ocean:100", "Ocean:100", "Ocean:100", "Ocean:100", "Ocean:100", "Ocean:100", "Ocean:100", "Ocean:100", "Ocean:100", "Ocean:100", "Ocean:100", "Ocean:100"
"Ocean:100", "Ocean:100", "Ocean:100", "Ocean:100", "Ocean:100", "Ocean:100", "Ocean:100", "Ocean:100", "Ocean:100", "Ocean:100", "Ocean:100", "Ocean:100", "Ocean:100", "Ocean:100", "Ocean:100", "Ocean:100", "Ocean:100", "Ocean:100", "Ocean:100", "Ocean:100", "Ocean:100", "Ocean:100", "Ocean:100", "Ocean:100", "Ocean:100", "Ocean:100", "Ocean:100", "Ocean:100", "Ocean:100", "Ocean:100", "Ocean:100", "Ocean:100", "Ocean:100", "Ocean:100", "Ocean:100", "Ocean:100", "Ocean:100", "Ocean:100", "Ocean:100", "Ocean:100", "Ocean:100", "Ocean:100", "Ocean:100", "Ocean:100", "Ocean:100", "Ocean:100", "Ocean:100", "Ocean:100", "Ocean:100", "Ocean:100", "Ocean:100", "Ocean:100", "Ocean:100", "Ocean:100", "Ocean:100", "Ocean:100", "Ocean:100", "Ocean:100", "Ocean:100", "Ocean:100"
"Ocean:100", "Ocean:100", "Ocean:100", "Ocean:100", "Ocean:100", "Ocean:100", "Ocean:100", "Ocean:100", "Ocean:100", "Ocean:100", "Ocean:100", "Ocean:100", "Ocean:100", "Ocean:100", "Ocean:100", "Ocean:100", "Ocean:100", "Ocean:100", "Ocean:100", "Ocean:100", "Ocean:100", "Ocean:100", "Ocean:100", "Ocean:100", "Ocean:100", "Ocean:100", "Ocean:100", "Ocean:100", "Ocean:100", "Ocean:100", "Ocean:100", "Ocean:100", "Ocean:100", "Ocean:100", "Ocean:100", "Ocean:100", "Ocean:100", "Ocean:100", "Ocean:100", "Ocean:100", "Ocean:100", "Ocean:100", "Ocean:100", "Ocean:100", "Ocean:100", "Ocean:100", "Ocean:100", "Ocean:100", "Ocean:100", "Ocean:100", "Ocean:100", "Ocean:100", "Ocean:100", "Ocean:100", "Ocean:100", "Ocean:100", "Ocean:100", "Ocean:100", "Ocean:100", "Ocean:100"
"Swamp:5|Ocean:95", "Swamp:3|Ocean:97", "Forest:8|Swamp:2|Ocean:90", "Forest:7|Swamp:1|Ocean:92", "Plains:6|Forest:3|Ocean:91", "Ocean:100", "Ocean:100", "Ocean:100", "Ocean:100", "Ocean:100", "Ocean:100", "Ocean:100", "Ocean:100", "Ocean:100", "Ocean:100", "Ocean:100", "Ocean:100", "Ocean:100", "Ocean:100", "Ocean:100", "Ocean:100", "Ocean:100", "Ocean:100", "Ocean:100", "Ocean:100", "Ocean:100", "Ocean:100", "Ocean:100", "Ocean:100", "Ocean:100", "Ocean:100", "Ocean:100", "Ocean:100", "Ocean:100", "Ocean:100", "Ocean:100", "Ocean:100", "Ocean:100", "Ocean:100", "Ocean:100", "Ocean:100", "Ocean:100", "Ocean:100", "Ocean:100", "Ocean:100", "Ocean:100", "Ocean:100", "Ocean:100", "Ocean:100", "Ocean:100", "Ocean:100", "Ocean:100", "Ocean:100", "Ocean:100", "Ocean:100", "Ocean:100", "Ocean:100", "Ocean:100", "Ocean:100", "Ocean:100"
"Swamp:6|Ocean:94", "Ocean:100", "Forest:8|Swamp:6|Ocean:86", "Ocean:100", "Forest:10|Ocean:90", "Plains:2|Ocean:98", "Forest:2|Ocean:98", "Forest:1|Ocean:99", "Ocean:100", "Ocean:100", "Ocean:100", "Ocean:100", "Ocean:100", "Ocean:100", "Ocean:100", "Ocean:100", "Ocean:100", "Ocean:100", "Ocean:100", "Ocean:100", "Ocean:100", "Ocean:100", "Ocean:100", "Ocean:100", "Ocean:100", "Ocean:100", "Ocean:100", "Ocean:100", "Ocean:100", "Ocean:100", "Ocean:100", "Ocean:100", "Ocean:100", "Ocean:100", "Ocean:100", "Ocean:100", "Ocean:100", "Ocean:100", "Ocean:100", "Ocean:100", "Ocean:100", "Ocean:100", "Ocean:100", "Ocean:100", "Ocean:100", "Ocean:100", "Ocean:100", "Ocean:100", "Ocean:100", "Ocean:100", "Ocean:100", "Ocean:100", "Ocean:100", "Ocean:100", "Ocean:100", "Ocean:100", "Ocean:100", "Ocean:100", "Ocean:100", "Ocean:100"
"Swamp:6|Ocean:94", "Swamp:3|Ocean:97", "Forest:13|Swamp:1|Ocean:86", "Forest:9|Swamp:2|Ocean:89", "Plains:7|Forest:4|Ocean:89", "Plains:2|Ocean:98", "Ocean:100", "Swamp:1|Ocean:99", "Ocean:100", "Ocean:100", "Ocean:100", "Ocean:100", "Ocean:100", "Ocean:100", "Ocean:100", "Ocean:100", "Ocean:100", "Ocean:100", "Ocean:100", "Ocean:100", "Ocean:100", "Ocean:100", "Ocean:100", "Ocean:100", "Ocean:100", "Ocean:100", "Ocean:100", "Ocean:100", "Ocean:100", "Ocean:100", "Ocean:100", "Ocean:100", "Ocean:100", "Ocean:100", "Ocean:100", "Ocean:100", "Ocean:100", "Ocean:100", "Ocean:100", "Ocean:100", "Ocean:100", "Ocean:100", "Ocean:100", "Ocean:100", "Ocean:100", "Ocean:100", "Ocean:100", "Ocean:100", "Ocean:100", "Ocean:100", "Ocean:100", "Ocean:100", "Ocean:100", "Ocean:100", "Ocean:100", "Ocean:100", "Ocean:100", "Ocean:100", "Ocean:100", "Ocean:100"
"Swamp:17|Rainforest:1|Ocean:82", "Swamp:22|Ocean:78", "Swamp:17|Ocean:83", "Forest:11|Swamp:1|Ocean:88", "Ocean:100", "Plains:1|Forest:1|Ocean:98", "Swamp:2|Ocean:98", "Plains:1|Ocean:99", "Ocean:100", "Ocean:100", "Ocean:100", "Ocean:100", "Ocean:100", "Ocean:100", "Ocean:100", "Ocean:100", "Ocean:100", "Ocean:100", "Ocean:100", "Ocean:100", "Ocean:100", "Ocean:100", "Ocean:100", "Ocean:100", "Ocean:100", "Ocean:100", "Ocean:100", "Ocean:100", "Ocean:100", "Ocean:100", "Ocean:100", "Ocean:100", "Ocean:100", "Ocean:100", "Ocean:100", "Ocean:100", "Ocean:100", "Ocean:100", "Ocean:100", "Ocean:100", "Ocean:100", "Ocean:100", "Ocean:100", "Ocean:100", "Ocean:100", "Ocean:100", "Ocean:100", "Ocean:100", "Ocean:100", "Ocean:100", "Ocean:100", "Ocean:100", "Ocean:100", "Ocean:100", "Ocean:100", "Ocean:100", "Ocean:100", "Ocean:100", "Ocean:100", "Ocean:100"
"Forest:1|Swamp:6|Rainforest:22|Ocean:71", "Forest:34|Ocean:66", "Forest:9|Swamp:12|Ocean:79", "Swamp:18|Ocean:82", "Ocean:100", "Ocean:100", "Ocean:100", "Ocean:100", "Ocean:100", "Ocean:100", "Ocean:100", "Ocean:100", "Ocean:100", "Ocean:100", "Ocean:100", "Ocean:100", "Ocean:100", "Ocean:100", "Ocean:100", "Ocean:100", "Ocean:100", "Ocean:100", "Ocean:100", "Ocean:100", "Ocean:100", "Ocean:100", "Ocean:100", "Ocean:100", "Ocean:100", "Ocean:100", "Ocean:100", "Ocean:100", "Ocean:100", "Ocean:100", "Ocean:100", "Ocean:100", "Ocean:100", "Ocean:100", "Ocean:100", "Ocean:100", "Ocean:100", "Ocean:100", "Ocean:100", "Ocean:100", "Ocean:100", "Ocean:100", "Ocean:100", "Ocean:100", "Ocean:100", "Ocean:100", "Ocean:100", "Ocean:100", "Ocean:100", "Ocean:100", "Ocean:100", "Ocean:100", "Ocean:100", "Ocean:100", "Ocean:100", "Ocean:100"
"Rainforest:75|Ocean:25", "Swamp:65|Rainforest:14|Ocean:21", "Plains:3|Forest:58|Swamp:9|Ocean:30", "Swamp:29|Rainforest:29|Ocean:42", "Swamp:24|Ocean:76", "Swamp:10|Ocean:90", "Forest:7|Ocean:93", "Ocean:100", "Ocean:100", "Ocean:100", "Ocean:100", "Ocean:100", "Ocean:100", "Ocean:100", "Ocean:100", "Ocean:100", "Ocean:100", "Ocean:100", "Ocean:100", "Ocean:100", "Ocean:100", "Ocean:100", "Ocean:100", "Ocean:100", "Ocean:100", "Ocean:100", "Ocean:100", "Ocean:100", "Ocean:100", "Ocean:100", "Ocean:100", "Ocean:100", "Ocean:100", "Ocean:100", "Ocean:100", "Ocean:100", "Ocean:100", "Ocean:100", "Ocean:100", "Ocean:100", "Ocean:100", "Ocean:100", "Ocean:100", "Ocean:100", "Ocean:100", "Ocean:100", "Ocean:100", "Ocean:100", "Ocean:100", "Ocean:100", "Ocean:100", "Ocean:100", "Ocean:100", "Ocean:100", "Ocean:100", "Ocean:100", "Ocean:100", "Ocean:100", "Ocean:100", "Ocean:100"
"Rainforest:75|Ocean:25", "Rainforest:68|Ocean:32", "Swamp:11|Rainforest:73|Ocean:16", "Forest:58|Swamp:5|Monsoon Forest:1|Rainforest:1|Ocean:35", "Forest:26|Swamp:11|Monsoon Forest:17|Rainforest:3|Ocean:43", "Swamp:26|Rainforest:20|Ocean:54", "Swamp:43|Ocean:57", "Plains:15|Forest:12|Ocean:73", "Swamp:24|Ocean:76", "Forest:6|Swamp:20|Ocean:74", "Desert:1|Plains:35|Ocean:64", "Forest:25|Ocean:75", "Swamp:30|Ocean:70", "Swamp:21|Ocean:79", "Plains:12|Forest:6|Monsoon Forest:3|Ocean:79", "Plains:7|Forest:2|Ocean:91", "Forest:3|Ocean:97", "Ocean:100", "Ocean:100", "Ocean:100", "Ocean:100", "Ocean:100", "Ocean:100", "Ocean:100", "Ocean:100", "Ocean:100", "Ocean:100", "Ocean:100", "Ocean:100", "Ocean:100", "Ocean:100", "Ocean:100", "Ocean:100", "Ocean:100", "Ocean:100", "Ocean:100", "Ocean:100", "Ocean:100", "Ocean:100", "Ocean:100", "Ocean:100", "Ocean:100", "Ocean:100", "Ocean:100", "Ocean:100", "Ocean:100", "Ocean:100", "Ocean:100", "Ocean:100", "Ocean:100", "Ocean:100", "Ocean:100", "Ocean:100", "Ocean:100", "Ocean:100", "Ocean:100", "Ocean:100", "Ocean:100", "Ocean:100", "Ocean:100"
"Swamp:29|Rainforest:27|Ocean:44", "Swamp:25|Rainforest:19|Ocean:56", "Forest:1|Swamp:76|Rainforest:2|Ocean:21", "Plains:1|Forest:43|Swamp:21|Monsoon Forest:5|Rainforest:2|Ocean:28", "Swamp:19|Monsoon Forest:38|Rainforest:36|Ocean:7", "Swamp:36|Rainforest:48|Ocean:16", "Swamp:67|Ocean:33", "Swamp:58|Rainforest:2|Ocean:40", "Plains:2|Forest:47|Monsoon Forest:2|Ocean:49", "Plains:2|Forest:48|Ocean:50", "Plains:5|Forest:56|Ocean:39", "Plains:40|Ocean:60", "Desert:17|Plains:28|Ocean:55", "Plains:21|Forest:15|Ocean:64", "Forest:40|Swamp:9|Monsoon Forest:1|Ocean:50", "Plains:1|Forest:20|Ocean:79", "Forest:11|Swamp:1|Ocean:88", "Ocean:100", "Ocean:100", "Ocean:100", "Ocean:100", "Ocean:100", "Ocean:100", "Ocean:100", "Ocean:100", "Ocean:100", "Ocean:100", "Ocean:100", "Ocean:100", "Ocean:100", "Ocean:100", "Ocean:100", "Ocean:100", "Ocean:100", "Ocean:100", "Ocean:100", "Ocean:100", "Ocean:100", "Ocean:100", "Ocean:100", "Ocean:100", "Ocean:100", "Ocean:100", "Ocean:100", "Ocean:100", "Ocean:100", "Ocean:100", "Ocean:100", "Ocean:100", "Ocean:100", "Ocean:100", "Ocean:100", "Ocean:100", "Ocean:100", "Ocean:100", "Ocean:100", "Ocean:100", "Ocean:100", "Ocean:100", "Ocean:100"
"Swamp:17|Rainforest:6|Ocean:77", "Swamp:11|Rainforest:9|Ocean:80", "Swamp:39|Ocean:61", "Swamp:33|Ocean:67", "Swamp:44|Rainforest:1|Ocean:55", "Swamp:39|Rainforest:14|Ocean:47", "Rainforest:59|Ocean:41", "Swamp:83|Ocean:17", "Swamp:72|Rainforest:19|Ocean:9", "Plains:65|Forest:35", "Forest:55|Swamp:45", "Plains:100", "Desert:10|Plains:90", "Desert:15|Plains:85", "Plains:40|Forest:60", "Forest:34|Swamp:19|Ocean:47", "Forest:26|Swamp:4|Ocean:70", "Ocean:100", "Ocean:100", "Ocean:100", "Ocean:100", "Ocean:100", "Ocean:100", "Ocean:100", "Ocean:100", "Ocean:100", "Ocean:100", "Ocean:100", "Ocean:100", "Ocean:100", "Ocean:100", "Ocean:100", "Ocean:100", "Ocean:100", "Ocean:100", "Ocean:100", "Ocean:100", "Ocean:100", "Ocean:100", "Ocean:100", "Ocean:100", "Ocean:100", "Ocean:100", "Ocean:100", "Ocean:100", "Ocean:100", "Ocean:100", "Ocean:100", "Ocean:100", "Ocean:100", "Ocean:100", "Ocean:100", "Ocean:100", "Ocean:100", "Ocean:100", "Ocean:100", "Ocean:100", "Ocean:100", "Ocean:100", "Ocean:100"
"Ocean:100", "Ocean:100", "Ocean:100", "Swamp:2|Ocean:98", "Swamp:13|Ocean:87", "Swamp:4|Rainforest:19|Ocean:77", "Rainforest:27|Ocean:73", "Swamp:8|Rainforest:51|Ocean:41", "Forest:17|Swamp:40|Rainforest:22|Ocean:21", "Forest:70|Swamp:30", "Plains:15|Forest:60|Swamp:25", "Forest:19|Swamp:70|Ocean:11", "Desert:3|Plains:85|Ocean:12", "Desert:19|Plains:68|Ocean:13", "Desert:5|Plains:95", "Plains:3|Forest:54|Swamp:4|Ocean:39", "Forest:11|Swamp:41|Ocean:48", "Plains:5|Forest:1|Ocean:94", "Forest:15|Ocean:85", "Plains:6|Savannah:1|Ocean:93", "Plains:6|Forest:2|Ocean:92", "Ocean:100", "Ocean:100", "Ocean:100", "Ocean:100", "Ocean:100", "Ocean:100", "Ocean:100", "Ocean:100", "Ocean:100", "Ocean:100", "Ocean:100", "Ocean:100", "Ocean:100", "Ocean:100", "Ocean:100", "Ocean:100", "Ocean:100", "Ocean:100", "Ocean:100", "Ocean:100", "Ocean:100", "Ocean:100", "Ocean:100", "Ocean:100", "Ocean:100", "Ocean:100", "Ocean:100", "Ocean:100", "Ocean:100", "Ocean:100", "Ocean:100", "Ocean:100", "Ocean:100", "Ocean:100", "Ocean:100", "Ocean:100", "Ocean:100", "Ocean:100", "Ocean:100"
"Ocean:100", "Ocean:100", "Ocean:100", "Ocean:100", "Ocean:100", "Ocean:100", "Ocean:100", "Swamp:10|Rainforest:18|Ocean:72", "Swamp:31|Rainforest:12|Ocean:57", "Plains:10|Forest:56|Swamp:6|Monsoon Forest:15|Rainforest:5|Ocean:8", "Plains:35|Forest:57|Ocean:8", "Forest:29|Swamp:63|Ocean:8", "Plains:14|Forest:74|Ocean:12", "Plains:9|Forest:64|Swamp:5|Ocean:22", "Desert:3|Plains:86|Ocean:11", "Plains:79|Ocean:21", "Plains:75|Forest:1|Ocean:24", "Plains:7|Forest:48|Ocean:45", "Plains:3|Forest:20|Savannah:21|Monsoon Forest:21|Ocean:35", "Forest:20|Swamp:6|Monsoon Forest:5|Rainforest:1|Ocean:68", "Plains:14|Forest:9|Ocean:77", "Plains:1|Ocean:99", "Ocean:100", "Ocean:100", "Ocean:100", "Ocean:100", "Ocean:100", "Ocean:100", "Ocean:100", "Ocean:100", "Ocean:100", "Ocean:100", "Ocean:100", "Ocean:100", "Ocean:100", "Ocean:100", "Ocean:100", "Ocean:100", "Ocean:100", "Ocean:100", "Ocean:100", "Ocean:100", "Ocean:100", "Ocean:100", "Ocean:100", "Ocean:100", "Ocean:100", "Ocean:100", "Ocean:100", "Ocean:100", "Ocean:100", "Ocean:100", "Ocean:100", "Ocean:100", "Ocean:100", "Ocean:100", "Ocean:100", "Ocean:100", "Ocean:100", "Ocean:100"
"Ocean:100", "Ocean:100", "Ocean:100", "Ocean:100", "Ocean:100", "Ocean:100", "Ocean:100", "Monsoon Forest:14|Rainforest:1|Ocean:85", "Rainforest:24|Ocean:76", "Swamp:10|Monsoon Forest:25|Rainforest:63|Ocean:2", "Forest:9|Swamp:77|Ocean:14", "Forest:13|Swamp:76|Ocean:11", "Forest:33|Swamp:43|Ocean:24", "Plains:5|Forest:52|Swamp:19|Ocean:24", "Plains:4|Forest:70|Ocean:26", "Desert:34|Plains:41|Ocean:25", "Plains:96|Ocean:4", "Plains:91|Ocean:9", "Plains:20|Forest:75|Ocean:5", "Plains:70|Forest:4|Savannah:5|Monsoon Forest:5|Ocean:16", "Plains:64|Forest:8|Ocean:28", "Plains:19|Savannah:4|Monsoon Forest:1|Ocean:76", "Plains:1|Forest:21|Ocean:78", "Forest:7|Ocean:93", "Forest:8|Ocean:92", "Plains:3|Ocean:97", "Desert:2|Ocean:98", "Ocean:100", "Ocean:100", "Ocean:100", "Ocean:100", "Ocean:100", "Ocean:100", "Ocean:100", "Ocean:100", "Ocean:100", "Ocean:100", "Ocean:100", "Ocean:100", "Ocean:100", "Ocean:100", "Ocean:100", "Ocean:100", "Ocean:100", "Ocean:100", "Ocean:100", "Ocean:100", "Ocean:100", "Ocean:100", "Ocean:100", "Ocean:100", "Ocean:100", "Ocean:100", "Ocean:100", "Ocean:100", "Ocean:100", "Ocean:100", "Ocean:100", "Ocean:100", "Ocean:100"
"Ocean:100", "Ocean:100", "Ocean:100", "Ocean:100", "Ocean:100", "Ocean:100", "Ocean:100", "Rainforest:8|Ocean:92", "Rainforest:4|Ocean:96", "Rainforest:40|Ocean:60", "Forest:37|Swamp:9|Monsoon Forest:5|Rainforest:9|Ocean:40", "Forest:14|Swamp:46|Rainforest:27|Ocean:13", "Forest:10|Swamp:54|Monsoon Forest:5|Rainforest:21|Ocean:10", "Plains:3|Forest:37|Swamp:31|Monsoon Forest:9|Ocean:20", "Forest:5|Swamp:87|Ocean:8", "Plains:65|Forest:25|Ocean:10", "Desert:5|Plains:95", "Desert:10|Plains:90", "Plains:55|Forest:45", "Plains:20|Forest:75|Monsoon Forest:5", "Desert:10|Plains:84|Savannah:5|Ocean:1", "Plains:55|Forest:17|Ocean:28", "Plains:13|Savannah:40|Monsoon Forest:8|Ocean:39", "Forest:19|Swamp:6|Ocean:75", "Plains:39|Ocean:61", "Plains:7|Forest:3|Ocean:90", "Plains:11|Ocean:89", "Ocean:100", "Ocean:100", "Ocean:100", "Ocean:100", "Ocean:100", "Ocean:100", "Ocean:100", "Ocean:100", "Ocean:100", "Ocean:100", "Ocean:100", "Ocean:100", "Ocean:100", "Ocean:100", "Ocean:100", "Ocean:100", "Ocean:100", "Ocean:100", "Ocean:100", "Ocean:100", "Ocean:100", "Ocean:100", "Ocean:100", "Ocean:100", "Ocean:100", "Ocean:100", "Ocean:100", "Ocean:100", "Ocean:100", "Ocean:100", "Ocean:100", "Ocean:100", "Ocean:100"
"Ocean:100", "Ocean:100", "Ocean:100", "Ocean:100", "Ocean:100", "Plains:1|Ocean:99", "Monsoon Forest:1|Ocean:99", "Forest:3|Monsoon Forest:3|Ocean:94", "Rainforest:6|Ocean:94", "Monsoon Forest:11|Rainforest:6|Ocean:83", "Rainforest:40|Ocean:60", "Forest:19|Swamp:35|Rainforest:7|Ocean:39", "Plains:24|Forest:43|Swamp:7|Monsoon Forest:9|Ocean:17", "Forest:54|Swamp:20|Monsoon Forest:5|Rainforest:9|Ocean:12", "Plains:4|Forest:75|Swamp:9|Ocean:12", "Plains:25|Forest:57|Swamp:5|Ocean:13", "Desert:15|Plains:85", "Desert:45|Plains:55", "Plains:100", "Plains:60|Forest:40", "Plains:35|Forest:65", "Plains:100", "Forest:40|Monsoon Forest:60", "Plains:5|Forest:15|Savannah:19|Monsoon Forest:56|Ocean:5", "Forest:60|Swamp:3|Savannah:5|Monsoon Forest:25|Rainforest:5|Ocean:2", "Plains:11|Forest:47|Swamp:3|Monsoon Forest:3|Ocean:36", "Plains:37|Forest:4|Ocean:59", "Desert:20|Plains:6|Ocean:74", "Desert:26|Ocean:74", "Desert:26|Plains:1|Ocean:73", "Plains:15|Ocean:85", "Plains:7|Ocean:93", "Ocean:100", "Ocean:100", "Ocean:100", "Ocean:100", "Ocean:100", "Ocean:100", "Ocean:100", "Ocean:100", "Ocean:100", "Ocean:100", "Ocean:100", "Ocean:100", "Ocean:100", "Ocean:100", "Ocean:100", "Ocean:100", "Ocean:100", "Ocean:100", "Ocean:100", "Ocean:100", "Ocean:100", "Ocean:100", "Ocean:100", "Ocean:100", "Ocean:100", "Ocean:100", "Ocean:100", "Ocean:100"
"Ocean:100", "Ocean:100", "Ocean:100", "Ocean:100", "Ocean:100", "Hot Desert:1|Ocean:99", "Ocean:100", "Savannah:1|Ocean:99", "Ocean:100", "Ocean:100", "Savannah:11|Monsoon Forest:6|Ocean:83", "Monsoon Forest:18|Rainforest:49|Ocean:33", "Plains:10|Forest:14|Savannah:17|Monsoon Forest:31|Ocean:28", "Forest:41|Swamp:31|Monsoon Forest:10|Rainforest:10|Ocean:8", "Plains:55|Forest:38|Ocean:7", "Plains:55|Forest:45", "Plains:10|Forest:90", "Desert:30|Plains:70", "Desert:10|Plains:90", "Desert:10|Plains:90", "Plains:65|Forest:35", "Plains:90|Forest:10", "Plains:50|Forest:50", "Plains:78|Forest:20|Ocean:2", "Forest:5|Swamp:88|Rainforest:5|Ocean:2", "Forest:70|Swamp:5|Monsoon Forest:4|Rainforest:11|Ocean:10", "Plains:77|Ocean:23", "Desert:40|Plains:26|Ocean:34", "Desert:49|Plains:5|Ocean:46", "Desert:63|Ocean:37", "Plains:46|Ocean:54", "Desert:1|Plains:34|Ocean:65", "Plains:3|Ocean:97", "Ocean:100", "Ocean:100", "Ocean:100", "Ocean:100", "Ocean:100", "Ocean:100", "Ocean:100", "Ocean:100", "Ocean:100", "Ocean:100", "Ocean:100", "Ocean:100", "Ocean:100", "Ocean:100", "Ocean:100", "Ocean:100", "Ocean:100", "Ocean:100", "Ocean:100", "Ocean:100", "Ocean:100", "Ocean:100", "Ocean:100", "Ocean:100", "Ocean:100", "Ocean:100", "Ocean:100"
"Ocean:100", "Ocean:100", "Ocean:100", "Ocean:100", "Ocean:100", "Monsoon Forest:1|Ocean:99", "Plains:1|Ocean:99", "Savannah:1|Ocean:99", "Ocean:100", "Ocean:100", "Monsoon Forest:1|Ocean:99", "Savannah:37|Ocean:63", "Plains:19|Savannah:28|Monsoon Forest:3|Ocean:50", "Plains:25|Forest:40|Savannah:20|Monsoon Forest:15", "Plains:71|Forest:21|Ocean:8", "Plains:10|Forest:85|Swamp:5", "Plains:5|Forest:85|Swamp:10", "Plains:25|Forest:70|Swamp:5", "Desert:5|Plains:95", "Plains:85|Forest:15", "Plains:95|Forest:5", "Desert:5|Plains:90|Savannah:5", "Plains:85|Forest:15", "Plains:45|Forest:55", "Forest:80|Swamp:20", "Swamp:100", "Forest:80|Swamp:20", "Forest:80|Swamp:20", "Desert:40|Plains:60", "Desert:100", "Desert:98|Ocean:2", "Desert:5|Plains:89|Ocean:6", "Plains:43|Ocean:57", "Desert:7|Plains:22|Ocean:71", "Plains:14|Ocean:86", "Forest:12|Ocean:88", "Plains:2|Ocean:98", "Ocean:100", "Ocean:100", "Ocean:100", "Ocean:100", "Ocean:100", "Ocean:100", "Ocean:100", "Ocean:100", "Ocean:100", "Ocean:100", "Ocean:100", "Ocean:100", "Ocean:100", "Ocean:100", "Ocean:100", "Ocean:100", "Ocean:100", "Ocean:100", "Ocean:100", "Ocean:100", "Ocean:100", "Ocean:100", "Ocean:100"
"Ocean:100", "Ocean:100", "Ocean:100", "Ocean:100", "Ocean:100", "Ocean:100", "Ocean:100", "Ocean:100", "Ocean:100", "Ocean:100", "Rainforest:2|Ocean:98", "Savannah:16|Monsoon Forest:2|Ocean:82", "Savannah:23|Ocean:77", "Plains:46|Savannah:22|Ocean:32", "Forest:72|Swamp:11|Monsoon Forest:10|Ocean:7", "Plains:35|Forest:65", "Plains:40|Forest:60", "Plains:100", "Plains:65|Forest:35", "Plains:25|Forest:65|Swamp:10", "Desert:5|Plains:75|Forest:20", "Desert:25|Plains:75", "Desert:5|Plains:95", "Plains:100", "Plains:63|Forest:35|Ocean:2", "Forest:15|Swamp:78|Rainforest:5|Ocean:2", "Swamp:96|Ocean:4", "Forest:10|Swamp:90", "Forest:60|Swamp:40", "Desert:5|Plains:95", "Desert:100", "Desert:80|Plains:20", "Plains:79|Ocean:21", "Plains:38|Forest:23|Ocean:39", "Plains:33|Ocean:67", "Plains:31|Ocean:69", "Plains:15|Forest:1|Ocean:84", "Swamp:3|Ocean:97", "Swamp:2|Ocean:98", "Plains:11|Ocean:89", "Forest:14|Swamp:1|Ocean:85", "Plains:5|Forest:10|Ocean:85", "Desert:2|Plains:3|Ocean:95", "Plains:2|Ocean:98", "Desert:1|Ocean:99", "Forest:2|Swamp:1|Ocean:97", "Plains:1|Ocean:99", "Plains:2|Ocean:98", "Ocean:100", "Ocean:100", "Ocean:100", "Ocean:100", "Ocean:100", "Ocean:100", "Ocean:100", "Ocean:100", "Ocean:100", "Ocean:100", "Ocean:100", "Ocean:100"
"Ocean:100", "Ocean:100", "Ocean:100", "Ocean:100", "Ocean:100", "Ocean:100", "Ocean:100", "Ocean:100", "Ocean:100", "Ocean:100", "Ocean:100", "Rainforest:2|Ocean:98", "Swamp:3|Monsoon Forest:3|Rainforest:1|Ocean:93", "Savannah:24|Monsoon Forest:15|Ocean:61", "Plains:3|Savannah:30|Monsoon Forest:46|Ocean:21", "Forest:41|Monsoon Forest:50|Rainforest:5|Ocean:4", "Plains:62|Forest:35|Ocean:3", "Plains:100", "Plains:30|Forest:70", "Plains:50|Forest:50", "Desert:40|Plains:60", "Desert:55|Plains:45", "Plains:90|Forest:10", "Plains:10|Forest:85|Swamp:5", "Plains:15|Forest:79|Swamp:5|Ocean:1", "Forest:35|Swamp:40|Monsoon Forest:15|Rainforest:10", "Swamp:93|Rainforest:5|Ocean:2", "Forest:20|Swamp:80", "Forest:40|Swamp:59|Ocean:1", "Desert:15|Plains:83|Ocean:2", "Desert:99|Ocean:1", "Desert:90|Plains:10", "Desert:70|Plains:27|Ocean:3", "Plains:66|Forest:15|Ocean:19", "Plains:56|Forest:8|Ocean:36", "Desert:18|Plains:8|Ocean:74", "Plains:16|Ocean:84", "Ocean:100", "Plains:1|Forest:1|Ocean:98", "Forest:8|Swamp:3|Ocean:89", "Forest:7|Ocean:93", "Plains:1|Forest:9|Ocean:90", "Desert:3|Plains:3|Ocean:94", "Desert:1|Plains:1|Ocean:98", "Ocean:100", "Desert:3|Ocean:97", "Ocean:100", "Desert:2|Ocean:98", "Ocean:100", "Ocean:100", "Ocean:100", "Ocean:100", "Ocean:100", "Ocean:100", "Ocean:100", "Ocean:100", "Ocean:100", "Ocean:100", "Ocean:100", "Ocean:100"
"Ocean:100", "Ocean:100", "Ocean:100", "Ocean:100", "Ocean:100", "Ocean:100", "Ocean:100", "Ocean:100", "Ocean:100", "Ocean:100", "Ocean:100", "Ocean:100", "Ocean:100", "Monsoon Forest:1|Rainforest:13|Ocean:86", "Savannah:4|Monsoon Forest:26|Ocean:70", "Plains:2|Forest:5|Swamp:4|Monsoon Forest:37|Rainforest:6|Ocean:46", "Forest:13|Swamp:44|Rainforest:12|Ocean:31", "Plains:20|Forest:72|Ocean:8", "Plains:97|Ocean:3", "Desert:5|Plains:85|Forest:10", "Desert:15|Plains:85", "Desert:5|Plains:95", "Plains:25|Forest:65|Swamp:10", "Plains:100", "Plains:65|Forest:34|Ocean:1", "Forest:89|Swamp:10|Ocean:1", "Forest:79|Swamp:10|Savannah:5|Monsoon Forest:5|Ocean:1", "Forest:70|Swamp:30", "Plains:40|Forest:59|Ocean:1", "Forest:85|Swamp:15", "Desert:94|Plains:5|Ocean:1", "Desert:100", "Desert:80|Plains:20", "Desert:59|Plains:14|Ocean:27", "Desert:9|Plains:51|Ocean:40", "Plains:34|Ocean:66", "Plains:33|Ocean:67", "Forest:4|Swamp:27|Ocean:69", "Forest:23|Swamp:1|Ocean:76", "Forest:12|Swamp:23|Ocean:65", "Forest:7|Swamp:39|Ocean:54", "Plains:1|Forest:45|Ocean:54", "Forest:46|Ocean:54", "Plains:33|Forest:22|Ocean:45", "Desert:28|Ocean:72", "Desert:37|Ocean:63", "Desert:28|Ocean:72", "Desert:49|Ocean:51", "Desert:35|Ocean:65", "Plains:1|Forest:8|Ocean:91", "Ocean:100", "Ocean:100", "Ocean:100", "Ocean:100", "Ocean:100", "Ocean:100", "Ocean:100", "Ocean:100", "Ocean:100", "Ocean:100"
"Ocean:100", "Ocean:100", "Ocean:100", "Ocean:100", "Ocean:100", "Ocean:100", "Ocean:100", "Ocean:100", "Ocean:100", "Ocean:100", "Ocean:100", "Ocean:100", "Ocean:100", "Rainforest:2|Ocean:98", "Rainforest:2|Ocean:98", "Savannah:1|Rainforest:8|Ocean:91", "Forest:17|Swamp:2|Monsoon Forest:1|Ocean:80", "Forest:6|Swamp:64|Ocean:30", "Plains:81|Ocean:19", "Plains:82|Forest:15|Ocean:3", "Plains:100", "Desert:20|Plains:80", "Plains:65|Forest:35", "Plains:55|Forest:45", "Plains:50|Forest:50", "Plains:90|Forest:10", "Plains:10|Forest:75|Swamp:15", "Forest:20|Swamp:80", "Forest:85|Swamp:14|Ocean:1", "Plains:10|Forest:89|Ocean:1", "Plains:89|Forest:10|Ocean:1", "Desert:80|Plains:20", "Desert:100", "Desert:14|Plains:68|Ocean:18", "Desert:16|Plains:53|Ocean:31", "Plains:32|Ocean:68", "Desert:7|Plains:29|Ocean:64", "Plains:46|Ocean:54", "Plains:26|Ocean:74", "Swamp:38|Ocean:62", "Swamp:43|Ocean:57", "Plains:4|Forest:31|Swamp:9|Ocean:56", "Forest:29|Swamp:28|Ocean:43", "Plains:11|Forest:49|Ocean:40", "Desert:31|Plains:18|Ocean:51", "Desert:41|Plains:20|Ocean:39", "Desert:62|Ocean:38", "Desert:77|Ocean:23", "Desert:13|Plains:51|Ocean:36", "Plains:23|Ocean:77", "Swamp:7|Ocean:93", "Plains:5|Ocean:95", "Plains:3|Ocean:97", "Ocean:100", "Ocean:100", "Ocean:100", "Ocean:100", "Ocean:100", "Ocean:100", "Ocean:100"
"Ocean:100", "Ocean:100", "Ocean:100", "Ocean:100", "Ocean:100", "Ocean:100", "Ocean:100", "Ocean:100", "Ocean:100", "Ocean:100", "Ocean:100", "Ocean:100", "Ocean:100", "Ocean:100", "Ocean:100", "Ocean:100", "Ocean:100", "Savannah:11|Monsoon Forest:2|Ocean:87", "Plains:11|Forest:11|Ocean:78", "Desert:38|Plains:6|Ocean:56", "Desert:2|Plains:61|Ocean:37", "Plains:76|Forest:8|Ocean:16", "Plains:19|Forest:75|Ocean:6", "Plains:75|Forest:22|Ocean:3", "Plains:20|Forest:79|Ocean:1", "Plains:30|Forest:60|Swamp:10", "Plains:35|Forest:65", "Desert:5|Plains:75|Forest:20", "Plains:60|Forest:40", "Forest:75|Swamp:25", "Forest:45|Swamp:55", "Plains:25|Forest:75", "Desert:15|Plains:85", "Desert:4|Plains:86|Ocean:10", "Desert:4|Plains:89|Ocean:7", "Desert:69|Plains:15|Ocean:16", "Desert:21|Plains:67|Ocean:12", "Plains:39|Forest:48|Ocean:13", "Plains:4|Forest:70|Swamp:2|Ocean:24", "Forest:55|Swamp:18|Ocean:27", "Forest:27|Swamp:36|Ocean:37", "Plains:45|Forest:14|Ocean:41", "Plains:11|Forest:70|Swamp:6|Ocean:13", "Plains:18|Forest:64|Ocean:18", "Plains:66|Ocean:34", "Desert:46|Plains:23|Ocean:31", "Desert:6|Plains:60|Ocean:34", "Desert:76|Ocean:24", "Desert:59|Ocean:41", "Plains:32|Forest:1|Ocean:67", "Forest:20|Swamp:1|Ocean:79", "Forest:15|Ocean:85", "Forest:7|Swamp:1|Ocean:92", "Ocean:100", "Ocean:100", "Ocean:100", "Ocean:100", "Ocean:100", "Ocean:100", "Ocean:100"
"Ocean:100", "Forest:6|Savannah:2|Monsoon Forest:5|Ocean:87", "Plains:3|Hot Desert:2|Savannah:4|Ocean:91", "Monsoon Forest:12|Rainforest:1|Ocean:87", "Rainforest:4|Ocean:96", "Plains:4|Forest:4|Ocean:92", "Plains:2|Ocean:98", "Plains:2|Ocean:98", "Ocean:100", "Ocean:100", "Ocean:100", "Ocean:100", "Ocean:100", "Ocean:100", "Ocean:100", "Ocean:100", "Ocean:100", "Ocean:100", "Ocean:100", "Forest:1|Monsoon Forest:2|Ocean:97", "Desert:2|Plains:10|Ocean:88", "Plains:26|Ocean:74", "Plains:37|Ocean:63", "Plains:9|Forest:34|Ocean:57", "Plains:51|Forest:1|Ocean:48", "Plains:24|Forest:37|Ocean:39", "Forest:44|Swamp:30|Ocean:26", "Plains:14|Forest:60|Swamp:10|Ocean:16", "Plains:64|Forest:30|Ocean:6", "Plains:50|Forest:44|Swamp:5|Ocean:1", "Plains:95|Forest:5", "Desert:10|Plains:90", "Desert:55|Plains:45", "Desert:10|Plains:86|Ocean:4", "Desert:5|Plains:89|Ocean:6", "Desert:16|Plains:66|Ocean:18", "Desert:14|Plains:70|Ocean:16", "Desert:47|Plains:21|Ocean:32", "Plains:54|Ocean:46", "Plains:34|Forest:24|Ocean:42", "Plains:61|Forest:1|Ocean:38", "Forest:50|Swamp:9|Ocean:41", "Forest:25|Swamp:34|Ocean:41", "Plains:62|Ocean:38", "Forest:55|Ocean:45", "Plains:9|Forest:51|Swamp:17|Ocean:23", "Plains:58|Forest:3|Ocean:39", "Desert:77|Plains:3|Ocean:20", "Desert:52|Ocean:48", "Desert:43|Plains:1|Ocean:56", "Desert:2|Plains:18|Ocean:80", "Plains:38|Ocean:62", "Plains:14|Ocean:86", "Forest:4|Ocean:96", "Forest:2|Ocean:98", "Swamp:2|Ocean:98", "Ocean:100", "Ocean:100", "Ocean:100", "Ocean:100"
"Ocean:100", "Plains:21|Savannah:4|Ocean:75", "Ocean:100", "Savannah:13|Monsoon Forest:8|Ocean:79", "Ocean:100", "Plains:1|Savannah:8|Ocean:91", "Ocean:100", "Monsoon Forest:1|Ocean:99", "Ocean:100", "Ocean:100", "Ocean:100", "Ocean:100", "Ocean:100", "Ocean:100", "Ocean:100", "Ocean:100", "Ocean:100", "Ocean:100", "Ocean:100", "Ocean:100", "Ocean:100", "Ocean:100", "Ocean:100", "Ocean:100", "Plains:1|Forest:7|Swamp:1|Ocean:91", "Forest:13|Swamp:11|Ocean:76", "Plains:8|Forest:21|Swamp:17|Ocean:54", "Forest:17|Swamp:44|Ocean:39", "Forest:28|Swamp:54|Ocean:18", "Forest:84|Swamp:4|Ocean:12", "Plains:85|Forest:15", "Plains:15|Forest:85", "Desert:65|Plains:35", "Desert:75|Plains:25", "Desert:75|Plains:24|Ocean:1", "Desert:16|Plains:74|Ocean:10", "Desert:31|Plains:43|Ocean:26", "Plains:49|Forest:2|Ocean:49", "Plains:18|Forest:23|Ocean:59", "Plains:31|Ocean:69", "Forest:4|Ocean:96", "Forest:4|Swamp:17|Ocean:79", "Swamp:6|Ocean:94", "Swamp:7|Ocean:93", "Swamp:3|Ocean:97", "Swamp:10|Ocean:90", "Desert:4|Plains:17|Ocean:79", "Desert:51|Ocean:49", "Desert:26|Ocean:74", "Desert:20|Plains:10|Ocean:70", "Plains:14|Ocean:86", "Plains:47|Forest:2|Ocean:51", "Plains:31|Forest:2|Ocean:67", "Plains:8|Forest:32|Swamp:1|Ocean:59", "Plains:17|Ocean:83", "Forest:11|Ocean:89", "Ocean:100", "Ocean:100", "Ocean:100", "Ocean:100"
"Forest:2|Swamp:5|Ocean:93", "Forest:20|Swamp:1|Monsoon Forest:4|Ocean:75", "Plains:14|Ocean:86", "Forest:3|Monsoon Forest:18|Rainforest:1|Ocean:78", "Savannah:3|Monsoon Forest:5|Ocean:92", "Plains:6|Savannah:14|Ocean:80", "Plains:1|Savannah:1|Ocean:98", "Swamp:6|Rainforest:6|Ocean:88", "Forest:1|Savannah:5|Ocean:94", "Desert:2|Hot Desert:1|Savannah:2|Ocean:95", "Ocean:100", "Ocean:100", "Ocean:100", "Ocean:100", "Ocean:100", "Ocean:100", "Ocean:100", "Ocean:100", "Ocean:100", "Ocean:100", "Ocean:100", "Ocean:100", "Ocean:100", "Ocean:100", "Ocean:100", "Ocean:100", "Ocean:100", "Ocean:100", "Forest:9|Swamp:29|Ocean:62", "Forest:57|Swamp:7|Ocean:36", "Plains:60|Forest:35|Ocean:5", "Plains:14|Forest:81|Ocean:5", "Forest:95|Swamp:5", "Desert:10|Plains:85|Forest:5", "Desert:25|Plains:74|Ocean:1", "Desert:44|Plains:31|Ocean:25", "Desert:19|Plains:2|Ocean:79", "Swamp:1|Ocean:99", "Plains:4|Forest:5|Ocean:91", "Plains:24|Ocean:76", "Plains:10|Forest:15|Ocean:75", "Swamp:15|Ocean:85", "Swamp:2|Ocean:98", "Swamp:3|Ocean:97", "Swamp:1|Ocean:99", "Swamp:23|Ocean:77", "Plains:9|Forest:32|Swamp:8|Ocean:51", "Plains:57|Forest:8|Ocean:35", "Plains:48|Forest:6|Ocean:46", "Desert:12|Plains:12|Ocean:76", "Ocean:100", "Plains:16|Forest:12|Ocean:72", "Plains:18|Ocean:82", "Plains:49|Forest:34|Ocean:17", "Plains:72|Forest:4|Ocean:24", "Plains:31|Forest:61|Ocean:8", "Plains:51|Ocean:49", "Plains:24|Ocean:76", "Desert:4|Plains:5|Ocean:91", "Ocean:100"
"Forest:19|Swamp:21|Ocean:60", "Plains:1|Forest:15|Monsoon Forest:8|Ocean:76", "Forest:7|Swamp:4|Ocean:89", "Monsoon Forest:11|Rainforest:15|Ocean:74", "Savannah:25|Ocean:75", "Plains:26|Savannah:37|Ocean:37", "Savannah:26|Ocean:74", "Savannah:26|Ocean:74", "Plains:8|Ocean:92", "Plains:17|Ocean:83", "Ocean:100", "Ocean:100", "Ocean:100", "Ocean:100", "Ocean:100", "Ocean:100", "Ocean:100", "Ocean:100", "Ocean:100", "Ocean:100", "Ocean:100", "Ocean:100", "Ocean:100", "Ocean:100", "Ocean:100", "Ocean:100", "Ocean:100", "Ocean:100", "Swamp:8|Ocean:92", "Forest:4|Swamp:2|Ocean:94", "Plains:28|Forest:37|Ocean:35", "Plains:68|Forest:13|Ocean:19", "Plains:5|Forest:20|Swamp:74|Ocean:1", "Plains:100", "Plains:85|Forest:15", "Desert:5|Plains:93|Ocean:2", "Desert:39|Plains:37|Ocean:24", "Plains:11|Forest:44|Ocean:45", "Plains:19|Forest:36|Ocean:45", "Plains:59|Ocean:41", "Plains:48|Ocean:52", "Plains:43|Ocean:57", "Plains:20|Forest:1|Ocean:79", "Swamp:9|Ocean:91", "Swamp:1|Ocean:99", "Forest:1|Swamp:10|Ocean:89", "Plains:17|Forest:24|Ocean:59", "Plains:2|Forest:60|Swamp:4|Ocean:34", "Desert:36|Plains:22|Ocean:42", "Desert:31|Ocean:69", "Desert:1|Plains:9|Ocean:90", "Desert:23|Plains:6|Ocean:71", "Plains:30|Ocean:70", "Desert:5|Plains:72|Ocean:23", "Plains:49|Forest:35|Ocean:16", "Forest:81|Swamp:8|Ocean:11", "Plains:84|Ocean:16", "Desert:1|Plains:71|Ocean:28", "Plains:31|Ocean:69", "Plains:17|Ocean:83"
"Plains:2|Forest:37|Swamp:20|Ocean:41", "Forest:49|Swamp:5|Ocean:46", "Plains:12|Forest:3|Ocean:85", "Forest:16|Monsoon Forest:8|Rainforest:1|Ocean:75", "Savannah:39|Ocean:61", "Savannah:30|Monsoon Forest:42|Ocean:28", "Savannah:70|Ocean:30", "Savannah:81|Ocean:19", "Plains:6|Savannah:20|Ocean:74", "Desert:6|Plains:19|Ocean:75", "Ocean:100", "Ocean:100", "Ocean:100", "Savannah:1|Ocean:99", "Ocean:100", "Ocean:100", "Ocean:100", "Ocean:100", "Ocean:100", "Ocean:100", "Ocean:100", "Ocean:100", "Ocean:100", "Ocean:100", "Ocean:100", "Ocean:100", "Ocean:100", "Ocean:100", "Swamp:1|Rainforest:2|Ocean:97", "Swamp:4|Ocean:96", "Forest:28|Ocean:72", "Plains:41|Forest:18|Ocean:41", "Desert:7|Plains:80|Ocean:13", "Desert:35|Plains:65", "Desert:5|Plains:90|Forest:5", "Plains:65|Forest:34|Ocean:1", "Desert:5|Plains:93|Ocean:2", "Desert:69|Plains:26|Ocean:5", "Plains:75|Forest:22|Ocean:3", "Plains:93|Forest:5|Ocean:2", "Desert:3|Plains:83|Ocean:14", "Desert:4|Plains:66|Ocean:30", "Plains:5|Forest:36|Ocean:59", "Swamp:27|Ocean:73", "Swamp:3|Ocean:97", "Forest:2|Swamp:7|Ocean:91", "Forest:34|Swamp:1|Ocean:65", "Plains:24|Forest:28|Ocean:48", "Plains:16|Forest:10|Ocean:74", "Desert:4|Plains:23|Ocean:73", "Ocean:100", "Plains:7|Ocean:93", "Plains:1|Ocean:99", "Desert:35|Plains:1|Ocean:64", "Plains:65|Forest:2|Ocean:33", "Plains:78|Forest:14|Ocean:8", "Plains:85|Forest:15", "Plains:82|Forest:15|Ocean:3", "Plains:10|Forest:49|Ocean:41", "Plains:15|Forest:46|Ocean:39"
"Plains:35|Forest:55|Swamp:10", "Forest:45|Swamp:43|Ocean:12", "Plains:1|Forest:22|Ocean:77", "Plains:10|Forest:34|Swamp:1|Monsoon Forest:1|Ocean:54", "Forest:17|Swamp:9|Monsoon Forest:43|Rainforest:9|Ocean:22", "Savannah:24|Monsoon Forest:67|Ocean:9", "Savannah:88|Monsoon Forest:4|Ocean:8", "Savannah:85|Ocean:15", "Savannah:62|Ocean:38", "Plains:4|Savannah:13|Ocean:83", "Plains:4|Ocean:96", "Plains:2|Ocean:98", "Desert:2|Ocean:98", "Hot Desert:2|Savannah:1|Ocean:97", "Desert:2|Plains:2|Hot Desert:3|Ocean:93", "Hot Desert:7|Savannah:1|Ocean:92", "Savannah:5|Ocean:95", "Ocean:100", "Ocean:100", "Ocean:100", "Ocean:100", "Ocean:100", "Ocean:100", "Ocean:100", "Ocean:100", "Ocean:100", "Ocean:100", "Ocean:100", "Ocean:100", "Ocean:100", "Ocean:100", "Plains:5|Forest:8|Ocean:87", "Plains:16|Forest:39|Ocean:45", "Desert:14|Plains:75|Ocean:11", "Desert:5|Plains:90|Forest:5", "Plains:100", "Desert:30|Plains:70", "Desert:30|Plains:70", "Desert:75|Plains:25", "Desert:35|Plains:65", "Plains:100", "Plains:40|Forest:60", "Plains:65|Forest:13|Ocean:22", "Plains:36|Forest:18|Ocean:46", "Swamp:27|Ocean:73", "Swamp:18|Ocean:82", "Plains:10|Forest:6|Ocean:84", "Forest:4|Swamp:19|Ocean:77", "Forest:4|Swamp:9|Ocean:87", "Forest:15|Ocean:85", "Plains:7|Ocean:93", "Plains:6|Forest:4|Ocean:90", "Ocean:100", "Plains:12|Forest:3|Ocean:85", "Plains:4|Forest:44|Ocean:52", "Plains:34|Forest:43|Ocean:23", "Plains:100", "Desert:60|Plains:40", "Plains:3|Forest:72|Swamp:5|Ocean:20", "Forest:54|Swamp:15|Ocean:31"
"Plains:4|Forest:31|Swamp:31|Monsoon Forest:13|Rainforest:5|Ocean:16", "Plains:56|Forest:6|Savannah:2|Ocean:36", "Plains:8|Forest:8|Swamp:1|Ocean:83", "Plains:1|Forest:29|Ocean:70", "Forest:4|Monsoon Forest:45|Rainforest:5|Ocean:46", "Plains:18|Savannah:55|Monsoon Forest:15|Ocean:12", "Savannah:50|Monsoon Forest:50", "Savannah:91|Monsoon Forest:4|Ocean:5", "Hot Desert:31|Savannah:57|Ocean:12", "Savannah:18|Ocean:82", "Savannah:9|Ocean:91", "Plains:1|Savannah:2|Ocean:97", "Ocean:100", "Plains:9|Ocean:91", "Desert:2|Hot Desert:15|Savannah:9|Ocean:74", "Desert:1|Plains:1|Savannah:2|Ocean:96", "Hot Desert:5|Savannah:4|Ocean:91", "Ocean:100", "Ocean:100", "Ocean:100", "Ocean:100", "Ocean:100", "Ocean:100", "Ocean:100", "Ocean:100", "Ocean:100", "Ocean:100", "Ocean:100", "Ocean:100", "Ocean:100", "Ocean:100", "Ocean:100", "Plains:8|Forest:10|Ocean:82", "Plains:40|Ocean:60", "Desert:22|Plains:52|Ocean:26", "Plains:37|Forest:35|Ocean:28", "Desert:4|Plains:61|Forest:9|Ocean:26", "Desert:38|Plains:19|Ocean:43", "Desert:65|Plains:14|Ocean:21", "Desert:88|Ocean:12", "Plains:75|Forest:22|Ocean:3", "Plains:60|Forest:40", "Plains:100", "Plains:50|Forest:32|Ocean:18", "Plains:16|Forest:47|Swamp:1|Ocean:36", "Swamp:54|Ocean:46", "Forest:1|Swamp:56|Ocean:43", "Swamp:16|Ocean:84", "Swamp:6|Ocean:94", "Swamp:2|Ocean:98", "Plains:1|Ocean:99", "Plains:1|Ocean:99", "Ocean:100", "Ocean:100", "Plains:12|Forest:2|Ocean:86", "Plains:21|Ocean:79", "Plains:4|Forest:66|Swamp:2|Ocean:28", "Plains:82|Forest:4|Ocean:14", "Desert:5|Plains:95", "Plains:5|Forest:90|Swamp:5"
"Forest:4|Swamp:21|Monsoon Forest:28|Rainforest:40|Ocean:7", "Plains:10|Forest:41|Swamp:4|Monsoon Forest:13|Ocean:32", "Plains:18|Forest:20|Monsoon Forest:1|Ocean:61", "Forest:29|Swamp:15|Monsoon Forest:2|Rainforest:3|Ocean:51", "Plains:16|Savannah:37|Monsoon Forest:5|Ocean:42", "Plains:35|Forest:15|Savannah:20|Monsoon Forest:19|Ocean:11", "Plains:15|Savannah:80|Monsoon Forest:5", "Savannah:38|Monsoon Forest:60|Ocean:2", "Savannah:93|Monsoon Forest:5|Ocean:2", "Hot Desert:33|Savannah:35|Ocean:32", "Hot Desert:36|Savannah:13|Ocean:51", "Savannah:52|Ocean:48", "Savannah:7|Monsoon Forest:44|Ocean:49", "Plains:1|Savannah:57|Ocean:42", "Plains:65|Savannah:4|Ocean:31", "Plains:31|Forest:2|Savannah:13|Ocean:54", "Desert:8|Plains:3|Hot Desert:6|Savannah:9|Ocean:74", "Ocean:100", "Ocean:100", "Ocean:100", "Ocean:100", "Ocean:100", "Ocean:100", "Ocean:100", "Ocean:100", "Ocean:100", "Ocean:100", "Ocean:100", "Ocean:100", "Ocean:100", "Ocean:100", "Ocean:100", "Forest:1|Swamp:3|Rainforest:1|Ocean:95", "Plains:14|Ocean:86", "Desert:32|Ocean:68", "Plains:20|Forest:8|Ocean:72", "Plains:7|Forest:27|Ocean:66", "Plains:6|Forest:22|Ocean:72", "Plains:39|Ocean:61", "Desert:45|Plains:1|Ocean:54", "Desert:12|Plains:44|Ocean:44", "Plains:36|Forest:51|Ocean:13", "Plains:59|Forest:35|Ocean:6", "Desert:10|Plains:90", "Plains:40|Forest:59|Ocean:1", "Forest:64|Swamp:23|Ocean:13", "Plains:49|Forest:34|Swamp:4|Ocean:13", "Swamp:46|Ocean:54", "Swamp:13|Ocean:87", "Swamp:1|Ocean:99", "Ocean:100", "Plains:1|Ocean:99", "Ocean:100", "Ocean:100", "Swamp:6|Ocean:94", "Plains:12|Ocean:88", "Swamp:50|Ocean:50", "Forest:48|Swamp:26|Ocean:26", "Desert:55|Plains:45", "Plains:100"
"Rainforest:92|Ocean:8", "Swamp:66|Rainforest:13|Ocean:21", "Forest:25|Swamp:42|Ocean:33", "Forest:4|Swamp:51|Monsoon Forest:5|Rainforest:3|Ocean:37", "Plains:10|Forest:49|Monsoon Forest:14|Ocean:27", "Savannah:71|Monsoon Forest:20|Ocean:9", "Forest:10|Savannah:5|Monsoon Forest:65|Rainforest:20", "Monsoon Forest:80|Rainforest:20", "Savannah:85|Monsoon Forest:15", "Savannah:81|Monsoon Forest:15|Ocean:4", "Hot Desert:15|Savannah:68|Ocean:17", "Hot Desert:32|Savannah:48|Ocean:20", "Savannah:61|Monsoon Forest:15|Ocean:24", "Plains:11|Hot Desert:5|Savannah:68|Ocean:16", "Desert:15|Plains:60|Savannah:22|Ocean:3", "Plains:27|Ocean:73", "Plains:26|Ocean:74", "Ocean:100", "Ocean:100", "Savannah:4|Ocean:96", "Savannah:6|Ocean:94", "Savannah:6|Ocean:94", "Savannah:3|Ocean:97", "Monsoon Forest:2|Ocean:98", "Ocean:100", "Ocean:100", "Ocean:100", "Ocean:100", "Ocean:100", "Ocean:100", "Ocean:100", "Ocean:100", "Ocean:100", "Ocean:100", "Ocean:100", "Ocean:100", "Ocean:100", "Ocean:100", "Ocean:100", "Plains:2|Ocean:98", "Plains:2|Forest:6|Ocean:92", "Plains:62|Forest:7|Ocean:31", "Plains:64|Forest:24|Ocean:12", "Plains:30|Forest:70", "Desert:5|Plains:95", "Plains:20|Forest:80", "Forest:75|Swamp:25", "Plains:5|Forest:71|Swamp:15|Ocean:9", "Swamp:52|Ocean:48", "Swamp:30|Ocean:70", "Forest:1|Swamp:1|Ocean:98", "Forest:1|Ocean:99", "Ocean:100", "Ocean:100", "Ocean:100", "Ocean:100", "Plains:5|Forest:16|Ocean:79", "Plains:27|Forest:39|Ocean:34", "Plains:76|Forest:20|Ocean:4", "Plains:95|Forest:5"
"Rainforest:66|Ocean:34", "Forest:1|Savannah:2|Monsoon Forest:35|Rainforest:6|Ocean:56", "Forest:28|Swamp:44|Ocean:28", "Forest:1|Swamp:46|Ocean:53", "Forest:29|Swamp:20|Monsoon Forest:9|Ocean:42", "Forest:19|Savannah:1|Monsoon Forest:30|Rainforest:3|Ocean:47", "Forest:29|Savannah:14|Monsoon Forest:36|Rainforest:15|Ocean:6", "Savannah:11|Monsoon Forest:64|Rainforest:20|Ocean:5", "Savannah:75|Monsoon Forest:25", "Plains:15|Savannah:70|Monsoon Forest:15", "Savannah:40|Monsoon Forest:60", "Savannah:100", "Plains:5|Savannah:90|Monsoon Forest:5", "Savannah:47|Monsoon Forest:50|Ocean:3", "Plains:5|Savannah:72|Monsoon Forest:20|Ocean:3", "Plains:35|Forest:15|Savannah:14|Monsoon Forest:3|Ocean:33", "Plains:5|Forest:2|Savannah:49|Monsoon Forest:1|Ocean:43", "Desert:1|Plains:27|Ocean:72", "Plains:16|Ocean:84", "Savannah:8|Ocean:92", "Savannah:24|Ocean:76", "Hot Desert:14|Savannah:13|Ocean:73", "Hot Desert:11|Savannah:3|Ocean:86", "Savannah:10|Ocean:90", "Savannah:7|Ocean:93", "Monsoon Forest:15|Ocean:85", "Forest:1|Savannah:9|Monsoon Forest:1|Ocean:89", "Monsoon Forest:7|Ocean:93", "Ocean:100", "Ocean:100", "Ocean:100", "Ocean:100", "Ocean:100", "Ocean:100", "Ocean:100", "Ocean:100", "Ocean:100", "Ocean:100", "Ocean:100", "Ocean:100", "Ocean:100", "Forest:18|Ocean:82", "Plains:36|Ocean:64", "Plains:29|Forest:17|Ocean:54", "Plains:66|Forest:2|Ocean:32", "Plains:73|Forest:2|Ocean:25", "Forest:64|Swamp:30|Ocean:6", "Plains:52|Forest:45|Ocean:3", "Forest:56|Swamp:14|Ocean:30", "Forest:44|Swamp:4|Ocean:52", "Swamp:15|Ocean:85", "Swamp:1|Ocean:99", "Ocean:100", "Ocean:100", "Ocean:100", "Ocean:100", "Plains:1|Ocean:99", "Plains:22|Forest:13|Ocean:65", "Plains:78|Ocean:22", "Desert:29|Plains:60|Ocean:11"
"Rainforest:27|Ocean:73", "Rainforest:20|Ocean:80", "Forest:2|Savannah:3|Monsoon Forest:31|Ocean:64", "Forest:19|Swamp:8|Ocean:73", "Swamp:59|Ocean:41", "Plains:16|Forest:14|Monsoon Forest:1|Ocean:69", "Forest:2|Savannah:1|Monsoon Forest:49|Ocean:48", "Savannah:41|Monsoon Forest:6|Ocean:53", "Savannah:4|Monsoon Forest:66|Rainforest:14|Ocean:16", "Savannah:25|Monsoon Forest:63|Ocean:12", "Plains:30|Forest:5|Savannah:60|Monsoon Forest:5", "Plains:30|Forest:45|Monsoon Forest:25", "Hot Desert:15|Savannah:85", "Savannah:100", "Hot Desert:5|Savannah:95", "Savannah:51|Monsoon Forest:34|Ocean:15", "Plains:21|Forest:36|Savannah:3|Monsoon Forest:10|Ocean:30", "Plains:20|Savannah:39|Monsoon Forest:4|Ocean:37", "Plains:61|Ocean:39", "Plains:53|Ocean:47", "Plains:39|Forest:2|Savannah:12|Ocean:47", "Hot Desert:9|Savannah:81|Ocean:10", "Hot Desert:40|Savannah:11|Ocean:49", "Savannah:38|Monsoon Forest:3|Ocean:59", "Hot Desert:3|Savannah:7|Ocean:90", "Savannah:28|Monsoon Forest:6|Ocean:66", "Savannah:20|Ocean:80", "Savannah:10|Monsoon Forest:21|Ocean:69", "Monsoon Forest:16|Ocean:84", "Forest:16|Swamp:1|Monsoon Forest:1|Ocean:82", "Plains:5|Ocean:95", "Forest:1|Ocean:99", "Ocean:100", "Ocean:100", "Ocean:100", "Ocean:100", "Ocean:100", "Ocean:100", "Ocean:100", "Ocean:100", "Ocean:100", "Swamp:3|Ocean:97", "Swamp:10|Ocean:90", "Forest:11|Ocean:89", "Plains:30|Ocean:70", "Desert:37|Plains:7|Ocean:56", "Plains:25|Forest:28|Ocean:47", "Plains:19|Forest:50|Ocean:31", "Plains:38|Forest:34|Ocean:28", "Forest:58|Swamp:19|Ocean:23", "Plains:1|Forest:50|Swamp:7|Ocean:42", "Forest:9|Swamp:20|Ocean:71", "Forest:14|Swamp:2|Ocean:84", "Ocean:100", "Ocean:100", "Ocean:100", "Ocean:100", "Plains:8|Ocean:92", "Plains:41|Ocean:59", "Plains:36|Forest:11|Ocean:53"
"Ocean:100", "Ocean:100", "Swamp:1|Rainforest:3|Ocean:96", "Forest:4|Ocean:96", "Forest:6|Monsoon Forest:1|Ocean:93", "Swamp:3|Ocean:97", "Forest:19|Ocean:81", "Savannah:8|Monsoon Forest:13|Ocean:79", "Monsoon Forest:23|Rainforest:63|Ocean:14", "Savannah:64|Monsoon Forest:13|Ocean:23", "Savannah:74|Monsoon Forest:25|Ocean:1", "Plains:25|Forest:40|Savannah:30|Monsoon Forest:5", "Forest:50|Savannah:10|Monsoon Forest:40", "Forest:10|Swamp:35|Monsoon Forest:25|Rainforest:30", "Forest:20|Savannah:25|Monsoon Forest:55", "Savannah:100", "Savannah:65|Monsoon Forest:35", "Plains:5|Savannah:77|Monsoon Forest:9|Ocean:9", "Plains:3|Forest:45|Swamp:4|Savannah:5|Monsoon Forest:9|Ocean:34", "Plains:34|Forest:6|Ocean:60", "Plains:21|Forest:12|Ocean:67", "Desert:5|Plains:4|Hot Desert:29|Savannah:20|Ocean:42", "Hot Desert:55|Savannah:8|Ocean:37", "Hot Desert:4|Savannah:42|Ocean:54", "Savannah:22|Ocean:78", "Savannah:7|Monsoon Forest:45|Ocean:48", "Savannah:2|Monsoon Forest:39|Ocean:59", "Savannah:41|Monsoon Forest:31|Ocean:28", "Monsoon Forest:37|Rainforest:13|Ocean:50", "Forest:11|Swamp:21|Monsoon Forest:5|Rainforest:3|Ocean:60", "Forest:12|Ocean:88", "Swamp:1|Ocean:99", "Ocean:100", "Ocean:100", "Ocean:100", "Ocean:100", "Ocean:100", "Ocean:100", "Ocean:100", "Ocean:100", "Ocean:100", "Ocean:100", "Ocean:100", "Ocean:100", "Ocean:100", "Ocean:100", "Forest:2|Ocean:98", "Forest:10|Swamp:25|Ocean:65", "Plains:21|Forest:18|Ocean:61", "Forest:50|Swamp:17|Ocean:33", "Plains:14|Forest:63|Swamp:4|Ocean:19", "Forest:45|Swamp:9|Ocean:46", "Swamp:35|Ocean:65", "Swamp:9|Ocean:91", "Ocean:100", "Ocean:100", "Ocean:100", "Ocean:100", "Plains:4|Forest:8|Ocean:88", "Swamp:28|Ocean:72"
"Ocean:100", "Ocean:100", "Ocean:100", "Ocean:100", "Ocean:100", "Ocean:100", "Swamp:3|Ocean:97", "Plains:1|Savannah:2|Ocean:97", "Hot Desert:9|Savannah:19|Ocean:72", "Savannah:16|Monsoon Forest:23|Ocean:61", "Savannah:11|Monsoon Forest:61|Ocean:28", "Monsoon Forest:78|Rainforest:10|Ocean:12", "Plains:20|Forest:5|Savannah:50|Monsoon Forest:25", "Forest:20|Savannah:15|Monsoon Forest:65", "Savannah:65|Monsoon Forest:35", "Swamp:5|Monsoon Forest:10|Rainforest:85", "Savannah:90|Monsoon Forest:10", "Savannah:50|Monsoon Forest:50", "Savannah:18|Monsoon Forest:66|Ocean:16", "Plains:8|Forest:65|Ocean:27", "Forest:26|Ocean:74", "Plains:5|Forest:9|Savannah:24|Monsoon Forest:34|Ocean:28", "Savannah:54|Ocean:46", "Hot Desert:1|Savannah:43|Ocean:56", "Savannah:6|Ocean:94", "Savannah:25|Monsoon Forest:1|Ocean:74", "Savannah:20|Monsoon Forest:12|Ocean:68", "Savannah:64|Monsoon Forest:13|Ocean:23", "Savannah:61|Monsoon Forest:25|Ocean:14", "Plains:45|Savannah:25|Ocean:30", "Plains:1|Forest:20|Ocean:79", "Swamp:1|Ocean:99", "Ocean:100", "Ocean:100", "Ocean:100", "Ocean:100", "Ocean:100", "Ocean:100", "Ocean:100", "Ocean:100", "Ocean:100", "Ocean:100", "Ocean:100", "Ocean:100", "Ocean:100", "Ocean:100", "Ocean:100", "Plains:9|Ocean:91", "Plains:21|Ocean:79", "Plains:22|Forest:22|Ocean:56", "Forest:47|Swamp:20|Ocean:33", "Plains:16|Forest:56|Ocean:28", "Forest:2|Swamp:42|Ocean:56", "Forest:14|Swamp:13|Ocean:73", "Swamp:8|Ocean:92", "Swamp:3|Ocean:97", "Ocean:100", "Ocean:100", "Ocean:100", "Ocean:100"
"Rainforest:14|Ocean:86", "Rainforest:8|Ocean:92", "Rainforest:7|Ocean:93", "Ocean:100", "Ocean:100", "Ocean:100", "Swamp:1|Ocean:99", "Rainforest:1|Ocean:99", "Savannah:1|Ocean:99", "Savannah:16|Ocean:84", "Savannah:6|Monsoon Forest:39|Ocean:55", "Savannah:1|Monsoon Forest:56|Rainforest:18|Ocean:25", "Savannah:46|Monsoon Forest:49|Ocean:5", "Savannah:35|Monsoon Forest:65", "Monsoon Forest:95|Rainforest:5", "Monsoon Forest:45|Rainforest:55", "Plains:9|Forest:25|Savannah:25|Monsoon Forest:35|Ocean:6", "Forest:4|Swamp:15|Monsoon Forest:25|Rainforest:51|Ocean:5", "Monsoon Forest:29|Rainforest:36|Ocean:35", "Plains:5|Forest:64|Swamp:1|Ocean:30", "Plains:15|Forest:6|Ocean:79", "Forest:19|Swamp:23|Monsoon Forest:8|Rainforest:18|Ocean:32", "Plains:24|Forest:20|Savannah:22|Monsoon Forest:1|Ocean:33", "Hot Desert:51|Savannah:12|Ocean:37", "Savannah:31|Ocean:69", "Savannah:8|Ocean:92", "Savannah:1|Monsoon Forest:12|Ocean:87", "Plains:3|Savannah:3|Monsoon Forest:54|Rainforest:5|Ocean:35", "Monsoon Forest:55|Rainforest:23|Ocean:22", "Plains:6|Forest:3|Savannah:31|Monsoon Forest:25|Ocean:35", "Monsoon Forest:14|Ocean:86", "Ocean:100", "Ocean:100", "Ocean:100", "Ocean:100", "Ocean:100", "Ocean:100", "Ocean:100", "Ocean:100", "Ocean:100", "Ocean:100", "Ocean:100", "Ocean:100", "Ocean:100", "Ocean:100", "Ocean:100", "Ocean:100", "Ocean:100", "Ocean:100", "Plains:3|Ocean:97", "Plains:4|Ocean:96", "Plains:24|Ocean:76", "Plains:28|Forest:4|Ocean:68", "Plains:30|Forest:1|Ocean:69", "Plains:4|Forest:11|Ocean:85", "Swamp:11|Ocean:89", "Forest:6|Swamp:1|Ocean:93", "Forest:1|Swamp:1|Ocean:98", "Ocean:100", "Ocean:100"
"Swamp:4|Monsoon Forest:4|Rainforest:32|Ocean:60", "Rainforest:8|Ocean:92", "Monsoon Forest:1|Rainforest:18|Ocean:81", "Monsoon Forest:3|Ocean:97", "Monsoon Forest:1|Rainforest:2|Ocean:97", "Ocean:100", "Swamp:2|Rainforest:6|Ocean:92", "Forest:7|Ocean:93", "Savannah:1|Monsoon Forest:4|Ocean:95", "Ocean:100", "Hot Desert:6|Savannah:3|Ocean:91", "Plains:1|Savannah:36|Monsoon Forest:1|Ocean:62", "Savannah:54|Ocean:46", "Forest:4|Savannah:1|Monsoon Forest:68|Rainforest:1|Ocean:26", "Savannah:13|Monsoon Forest:60|Rainforest:5|Ocean:22", "Plains:29|Forest:15|Savannah:38|Monsoon Forest:10|Ocean:8", "Swamp:4|Monsoon Forest:11|Rainforest:70|Ocean:15", "Plains:10|Savannah:71|Monsoon Forest:15|Ocean:4", "Plains:1|Forest:11|Savannah:3|Monsoon Forest:36|Ocean:49", "Plains:3|Forest:55|Swamp:6|Ocean:36", "Plains:7|Forest:15|Ocean:78", "Plains:5|Forest:48|Swamp:25|Monsoon Forest:4|Ocean:18", "Forest:24|Swamp:19|Monsoon Forest:44|Ocean:13", "Plains:23|Savannah:39|Monsoon Forest:1|Ocean:37", "Savannah:30|Monsoon Forest:1|Ocean:69", "Savannah:7|Ocean:93", "Ocean:100", "Rainforest:21|Ocean:79", "Monsoon Forest:2|Rainforest:27|Ocean:71", "Savannah:14|Monsoon Forest:38|Ocean:48", "Savannah:20|Monsoon Forest:13|Ocean:67", "Forest:2|Monsoon Forest:1|Ocean:97", "Forest:2|Swamp:1|Ocean:97", "Ocean:100", "Ocean:100", "Ocean:100", "Ocean:100", "Ocean:100", "Plains:7|Ocean:93", "Plains:6|Ocean:94", "Plains:5|Ocean:95", "Ocean:100", "Ocean:100", "Ocean:100", "Ocean:100", "Ocean:100", "Ocean:100", "Ocean:100", "Ocean:100", "Ocean:100", "Ocean:100", "Plains:1|Forest:2|Ocean:97", "Plains:12|Forest:1|Ocean:87", "Forest:16|Swamp:1|Ocean:83", "Forest:4|Swamp:33|Ocean:63", "Swamp:11|Ocean:89", "Swamp:14|Ocean:86", "Plains:7|Ocean:93", "Plains:3|Ocean:97", "Ocean:100"
"Swamp:9|Monsoon Forest:5|Rainforest:76|Ocean:10", "Rainforest:78|Ocean:22", "Rainforest:85|Ocean:15", "Savannah:63|Ocean:37", "Monsoon Forest:61|Rainforest:7|Ocean:32", "Monsoon Forest:54|Rainforest:6|Ocean:40", "Savannah:52|Monsoon Forest:14|Ocean:34", "Monsoon Forest:6|Rainforest:29|Ocean:65", "Savannah:7|Monsoon Forest:17|Rainforest:1|Ocean:75", "Ocean:100", "Ocean:100", "Plains:3|Savannah:10|Ocean:87", "Savannah:23|Ocean:77", "Savannah:9|Monsoon Forest:31|Ocean:60", "Savannah:19|Monsoon Forest:19|Ocean:62", "Plains:2|Forest:1|Savannah:15|Monsoon Forest:32|Ocean:50", "Plains:7|Forest:6|Savannah:20|Monsoon Forest:21|Ocean:46", "Savannah:41|Monsoon Forest:35|Ocean:24", "Savannah:19|Monsoon Forest:33|Ocean:48", "Swamp:3|Monsoon Forest:3|Rainforest:58|Ocean:36", "Plains:1|Forest:17|Swamp:1|Ocean:81", "Plains:8|Forest:35|Savannah:1|Ocean:56", "Plains:44|Forest:1|Savannah:15|Ocean:40", "Plains:1|Forest:14|Savannah:8|Monsoon Forest:25|Ocean:52", "Plains:1|Savannah:29|Monsoon Forest:1|Ocean:69", "Savannah:5|Ocean:95", "Ocean:100", "Savannah:11|Ocean:89", "Monsoon Forest:25|Ocean:75", "Savannah:4|Monsoon Forest:8|Ocean:88", "Hot Desert:1|Savannah:28|Ocean:71", "Savannah:6|Monsoon Forest:11|Ocean:83", "Forest:15|Swamp:4|Monsoon Forest:4|Rainforest:3|Ocean:74", "Plains:10|Ocean:90", "Ocean:100", "Ocean:100", "Ocean:100", "Ocean:100", "Plains:7|Ocean:93", "Ocean:100", "Plains:5|Forest:3|Ocean:92", "Ocean:100", "Ocean:100", "Ocean:100", "Ocean:100", "Ocean:100", "Ocean:100", "Ocean:100", "Ocean:100", "Ocean:100", "Ocean:100", "Ocean:100", "Plains:1|Ocean:99", "Forest:1|Ocean:99", "Swamp:9|Ocean:91", "Forest:9|Ocean:91", "Swamp:32|Ocean:68", "Swamp:13|Ocean:87", "Plains:1|Forest:8|Swamp:11|Ocean:80", "Plains:7|Ocean:93"
"Monsoon Forest:10|Rainforest:90", "Swamp:11|Monsoon Forest:14|Rainforest:70|Ocean:5", "Savannah:5|Monsoon Forest:35|Rainforest:56|Ocean:4", "Monsoon Forest:25|Rainforest:71|Ocean:4", "Monsoon Forest:65|Rainforest:31|Ocean:4", "Savannah:1|Monsoon Forest:45|Rainforest:45|Ocean:9", "Savannah:5|Monsoon Forest:61|Rainforest:25|Ocean:9", "Monsoon Forest:45|Rainforest:34|Ocean:21", "Savannah:59|Ocean:41", "Plains:4|Savannah:12|Monsoon Forest:5|Ocean:79", "Forest:4|Monsoon Forest:1|Ocean:95", "Ocean:100", "Ocean:100", "Ocean:100", "Ocean:100", "Ocean:100", "Savannah:16|Ocean:84", "Savannah:5|Monsoon Forest:28|Ocean:67", "Savannah:17|Ocean:83", "Savannah:11|Monsoon Forest:10|Ocean:79", "Ocean:100", "Forest:2|Monsoon Forest:6|Ocean:92", "Forest:13|Ocean:87", "Plains:7|Forest:1|Ocean:92", "Monsoon Forest:2|Ocean:98", "Ocean:100", "Ocean:100", "Ocean:100", "Savannah:4|Monsoon Forest:4|Ocean:92", "Rainforest:7|Ocean:93", "Savannah:3|Monsoon Forest:14|Ocean:83", "Hot Desert:1|Savannah:7|Ocean:92", "Monsoon Forest:8|Ocean:92", "Plains:5|Forest:1|Ocean:94", "Ocean:100", "Ocean:100", "Ocean:100", "Ocean:100", "Desert:1|Plains:8|Ocean:91", "Plains:1|Savannah:17|Ocean:82", "Plains:22|Ocean:78", "Plains:22|Ocean:78", "Plains:23|Ocean:77", "Plains:18|Ocean:82", "Forest:13|Swamp:4|Ocean:83", "Swamp:7|Ocean:93", "Plains:4|Forest:4|Ocean:92", "Ocean:100", "Ocean:100", "Ocean:100", "Ocean:100", "Ocean:100", "Ocean:100", "Ocean:100", "Ocean:100", "Ocean:100", "Forest:1|Swamp:12|Ocean:87", "Swamp:3|Ocean:97", "Forest:26|Ocean:74", "Plains:9|Forest:1|Ocean:90"
"Swamp:10|Monsoon Forest:15|Rainforest:75", "Swamp:25|Monsoon Forest:5|Rainforest:70", "Monsoon Forest:35|Rainforest:65", "Monsoon Forest:20|Rainforest:80", "Monsoon Forest:5|Rainforest:95", "Savannah:40|Monsoon Forest:60", "Savannah:35|Monsoon Forest:65", "Monsoon Forest:20|Rainforest:80", "Monsoon Forest:78|Rainforest:20|Ocean:2", "Savannah:77|Monsoon Forest:3|Ocean:20", "Savannah:84|Ocean:16", "Plains:51|Forest:2|Savannah:7|Ocean:40", "Plains:33|Forest:1|Savannah:22|Ocean:44", "Plains:26|Ocean:74", "Plains:6|Hot Desert:8|Savannah:10|Ocean:76", "Savannah:26|Monsoon Forest:13|Ocean:61", "Desert:3|Plains:3|Savannah:46|Ocean:48", "Hot Desert:4|Savannah:62|Ocean:34", "Hot Desert:47|Ocean:53", "Hot Desert:3|Savannah:34|Ocean:63", "Savannah:1|Monsoon Forest:6|Ocean:93", "Monsoon Forest:1|Rainforest:1|Ocean:98", "Swamp:1|Monsoon Forest:9|Rainforest:1|Ocean:89", "Swamp:5|Rainforest:1|Ocean:94", "Swamp:11|Ocean:89", "Swamp:4|Rainforest:4|Ocean:92", "Savannah:9|Monsoon Forest:2|Ocean:89", "Savannah:3|Monsoon Forest:2|Ocean:95", "Monsoon Forest:1|Ocean:99", "Ocean:100", "Savannah:1|Monsoon Forest:2|Ocean:97", "Monsoon Forest:8|Rainforest:1|Ocean:91", "Monsoon Forest:13|Ocean:87", "Monsoon Forest:1|Rainforest:5|Ocean:94", "Ocean:100", "Ocean:100", "Ocean:100", "Ocean:100", "Ocean:100", "Plains:11|Savannah:6|Ocean:83", "Forest:8|Monsoon Forest:6|Ocean:86", "Plains:31|Forest:1|Savannah:6|Monsoon Forest:1|Ocean:61", "Plains:4|Forest:21|Monsoon Forest:5|Ocean:70", "Forest:24|Monsoon Forest:4|Ocean:72", "Forest:36|Swamp:3|Ocean:61", "Forest:1|Swamp:8|Ocean:91", "Forest:19|Ocean:81", "Desert:2|Plains:5|Ocean:93", "Ocean:100", "Ocean:100", "Ocean:100", "Ocean:100", "Ocean:100", "Ocean:100", "Ocean:100", "Ocean:100", "Plains:7|Forest:1|Ocean:92", "Swamp:8|Ocean:92", "Forest:13|Swamp:14|Ocean:73", "Forest:9|Ocean:91"
"Monsoon Forest:20|Rainforest:80", "Monsoon Forest:40|Rainforest:60", "Forest:5|Swamp:25|Monsoon Forest:5|Rainforest:65", "Savannah:5|Monsoon Forest:85|Rainforest:10", "Savannah:80|Monsoon Forest:20", "Savannah:10|Monsoon Forest:80|Rainforest:10", "Savannah:35|Monsoon Forest:65", "Savannah:30|Monsoon Forest:70", "Savannah:30|Monsoon Forest:70", "Savannah:69|Monsoon Forest:24|Ocean:7", "Savannah:30|Monsoon Forest:59|Ocean:11", "Savannah:81|Ocean:19", "Hot Desert:34|Savannah:42|Ocean:24", "Plains:26|Forest:20|Savannah:8|Monsoon Forest:4|Ocean:42", "Plains:44|Ocean:56", "Plains:33|Forest:13|Savannah:7|Ocean:47", "Savannah:30|Monsoon Forest:19|Ocean:51", "Savannah:49|Ocean:51", "Savannah:25|Ocean:75", "Hot Desert:23|Savannah:10|Ocean:67", "Savannah:31|Ocean:69", "Monsoon Forest:23|Ocean:77", "Savannah:14|Monsoon Forest:4|Ocean:82", "Forest:10|Swamp:7|Monsoon Forest:2|Ocean:81", "Forest:14|Swamp:21|Ocean:65", "Forest:15|Swamp:7|Ocean:78", "Plains:11|Forest:1|Savannah:2|Monsoon Forest:1|Ocean:85", "Savannah:4|Monsoon Forest:4|Ocean:92", "Savannah:2|Ocean:98", "Ocean:100", "Ocean:100", "Ocean:100", "Ocean:100", "Ocean:100", "Ocean:100", "Ocean:100", "Ocean:100", "Ocean:100", "Ocean:100", "Forest:19|Swamp:1|Ocean:80", "Plains:6|Forest:16|Monsoon Forest:3|Ocean:75", "Plains:51|Savannah:29|Monsoon Forest:4|Ocean:16", "Plains:26|Forest:29|Ocean:45", "Forest:22|Monsoon Forest:12|Ocean:66", "Plains:8|Forest:27|Swamp:1|Savannah:1|Monsoon Forest:7|Ocean:56", "Plains:2|Forest:36|Ocean:62", "Forest:32|Swamp:3|Ocean:65", "Plains:2|Forest:15|Ocean:83", "Plains:4|Forest:3|Ocean:93", "Plains:1|Forest:1|Ocean:98", "Plains:1|Ocean:99", "Ocean:100", "Ocean:100", "Ocean:100", "Ocean:100", "Ocean:100", "Ocean:100", "Ocean:100", "Plains:8|Ocean:92", "Forest:10|Swamp:2|Ocean:88"
"Monsoon Forest:25|Rainforest:75", "Monsoon Forest:60|Rainforest:40", "Monsoon Forest:40|Rainforest:60", "Monsoon Forest:10|Rainforest:90", "Hot Desert:5|Savannah:85|Monsoon Forest:10", "Hot Desert:5|Savannah:95", "Savannah:80|Monsoon Forest:20", "Monsoon Forest:35|Rainforest:65", "Savannah:20|Monsoon Forest:75|Rainforest:5", "Savannah:5|Monsoon Forest:65|Rainforest:30", "Savannah:60|Monsoon Forest:40", "Savannah:90|Monsoon Forest:10", "Plains:5|Savannah:92|Ocean:3", "Savannah:100", "Plains:78|Savannah:14|Ocean:8", "Plains:30|Forest:70", "Plains:5|Forest:50|Swamp:1|Monsoon Forest:20|Rainforest:20|Ocean:4", "Savannah:70|Monsoon Forest:28|Ocean:2", "Plains:10|Savannah:20|Monsoon Forest:68|Ocean:2", "Hot Desert:4|Savannah:90|Ocean:6", "Desert:6|Hot Desert:37|Savannah:22|Ocean:35", "Savannah:60|Monsoon Forest:12|Ocean:28", "Savannah:28|Monsoon Forest:39|Ocean:33", "Savannah:20|Monsoon Forest:52|Ocean:28", "Swamp:63|Rainforest:29|Ocean:8", "Forest:87|Swamp:5|Ocean:8", "Plains:85|Forest:15", "Plains:33|Forest:25|Ocean:42", "Plains:1|Forest:10|Swamp:1|Savannah:2|Monsoon Forest:4|Ocean:82", "Savannah:2|Monsoon Forest:1|Ocean:97", "Ocean:100", "Ocean:100", "Ocean:100", "Ocean:100", "Ocean:100", "Ocean:100", "Ocean:100", "Ocean:100", "Ocean:100", "Plains:7|Forest:2|Ocean:91", "Plains:1|Forest:6|Monsoon Forest:2|Ocean:91", "Plains:2|Forest:21|Ocean:77", "Plains:6|Forest:13|Ocean:81", "Forest:9|Swamp:5|Rainforest:4|Ocean:82", "Forest:2|Swamp:7|Monsoon Forest:4|Rainforest:2|Ocean:85", "Forest:1|Swamp:10|Ocean:89", "Plains:3|Forest:21|Ocean:76", "Plains:21|Forest:4|Ocean:75", "Plains:21|Forest:1|Ocean:78", "Forest:10|Swamp:1|Ocean:89", "Plains:3|Ocean:97", "Ocean:100", "Plains:6|Ocean:94", "Plains:7|Ocean:93", "Desert:1|Plains:6|Ocean:93", "Ocean:100", "Ocean:100", "Ocean:100", "Ocean:100", "Ocean:100"
"Monsoon Forest:51|Rainforest:40|Ocean:9", "Savannah:4|Monsoon Forest:52|Rainforest:36|Ocean:8", "Forest:5|Swamp:10|Monsoon Forest:62|Rainforest:16|Ocean:7", "Savannah:5|Monsoon Forest:70|Rainforest:23|Ocean:2", "Savannah:10|Monsoon Forest:75|Rainforest:15", "Hot Desert:5|Savannah:90|Monsoon Forest:5", "Savannah:70|Monsoon Forest:30", "Savannah:45|Monsoon Forest:55", "Savannah:35|Monsoon Forest:65", "Monsoon Forest:90|Rainforest:10", "Monsoon Forest:75|Rainforest:25", "Savannah:65|Monsoon Forest:35", "Hot Desert:5|Savannah:91|Ocean:4", "Savannah:97|Ocean:3", "Savannah:69|Monsoon Forest:25|Ocean:6", "Desert:10|Plains:78|Forest:10|Ocean:2", "Forest:5|Swamp:10|Monsoon Forest:45|Rainforest:38|Ocean:2", "Swamp:25|Rainforest:74|Ocean:1", "Monsoon Forest:75|Rainforest:24|Ocean:1", "Savannah:25|Monsoon Forest:74|Ocean:1", "Hot Desert:63|Savannah:31|Ocean:6", "Hot Desert:8|Savannah:82|Ocean:10", "Savannah:75|Monsoon Forest:15|Ocean:10", "Savannah:4|Monsoon Forest:91|Ocean:5", "Forest:55|Savannah:5|Monsoon Forest:35|Rainforest:5", "Forest:5|Swamp:85|Monsoon Forest:5|Rainforest:5", "Plains:30|Forest:60|Monsoon Forest:10", "Forest:90|Swamp:10", "Plains:5|Forest:67|Swamp:10|Ocean:18", "Forest:19|Monsoon Forest:12|Rainforest:1|Ocean:68", "Monsoon Forest:12|Rainforest:7|Ocean:81", "Monsoon Forest:11|Rainforest:3|Ocean:86", "Savannah:10|Monsoon Forest:6|Ocean:84", "Savannah:12|Ocean:88", "Savannah:6|Ocean:94", "Savannah:2|Monsoon Forest:2|Ocean:96", "Rainforest:2|Ocean:98", "Ocean:100", "Ocean:100", "Plains:7|Ocean:93", "Forest:2|Swamp:9|Ocean:89", "Savannah:18|Monsoon Forest:17|Ocean:65", "Plains:1|Savannah:19|Ocean:80", "Forest:14|Monsoon Forest:3|Ocean:83", "Savannah:4|Monsoon Forest:2|Ocean:94", "Rainforest:4|Ocean:96", "Forest:3|Swamp:6|Rainforest:1|Ocean:90", "Plains:17|Forest:1|Ocean:82", "Plains:9|Forest:4|Ocean:87", "Forest:9|Swamp:6|Ocean:85", "Forest:3|Ocean:97", "Ocean:100", "Plains:5|Ocean:95", "Ocean:100", "Plains:5|Ocean:95", "Ocean:100", "Ocean:100", "Plains:10|Ocean:90", "Forest:6|Swamp:1|Ocean:93", "Plains:1|Forest:4|Swamp:9|Ocean:86"
"Savannah:10|Monsoon Forest:47|Rainforest:28|Ocean:15", "Swamp:4|Monsoon Forest:20|Rainforest:71|Ocean:5", "Forest:10|Swamp:5|Monsoon Forest:39|Rainforest:40|Ocean:6", "Monsoon Forest:45|Rainforest:52|Ocean:3", "Savannah:35|Monsoon Forest:65", "Savannah:15|Monsoon Forest:80|Rainforest:5", "Forest:5|Monsoon Forest:65|Rainforest:30", "Savannah:90|Monsoon Forest:10", "Savannah:20|Monsoon Forest:75|Rainforest:5", "Savannah:70|Monsoon Forest:28|Ocean:2", "Savannah:5|Monsoon Forest:77|Rainforest:15|Ocean:3", "Savannah:5|Monsoon Forest:92|Ocean:3", "Savannah:30|Monsoon Forest:70", "Hot Desert:25|Savannah:75", "Desert:5|Savannah:95", "Plains:20|Savannah:75|Monsoon Forest:5", "Plains:70|Savannah:30", "Swamp:5|Monsoon Forest:20|Rainforest:75", "Monsoon Forest:20|Rainforest:80", "Monsoon Forest:45|Rainforest:55", "Savannah:95|Monsoon Forest:5", "Hot Desert:55|Savannah:45", "Savannah:100", "Savannah:70|Monsoon Forest:30", "Monsoon Forest:5|Rainforest:95", "Savannah:10|Monsoon Forest:85|Rainforest:5", "Forest:30|Monsoon Forest:60|Rainforest:10", "Forest:65|Swamp:35", "Forest:50|Swamp:50", "Plains:24|Forest:31|Savannah:5|Monsoon Forest:16|Ocean:24", "Savannah:12|Monsoon Forest:42|Ocean:46", "Monsoon Forest:34|Rainforest:3|Ocean:63", "Savannah:28|Monsoon Forest:13|Ocean:59", "Savannah:55|Ocean:45", "Savannah:54|Ocean:46", "Monsoon Forest:21|Rainforest:5|Ocean:74", "Rainforest:13|Ocean:87", "Ocean:100", "Ocean:100", "Swamp:5|Rainforest:2|Ocean:93", "Ocean:100", "Swamp:33|Ocean:67", "Plains:9|Savannah:17|Ocean:74", "Plains:37|Ocean:63", "Forest:11|Ocean:89", "Forest:2|Monsoon Forest:2|Ocean:96", "Ocean:100", "Plains:7|Forest:1|Ocean:92", "Forest:8|Ocean:92", "Forest:7|Ocean:93", "Ocean:100", "Ocean:100", "Plains:5|Ocean:95", "Desert:1|Plains:3|Ocean:96", "Desert:1|Plains:3|Ocean:96", "Ocean:100", "Desert:3|Plains:2|Ocean:95", "Plains:31|Forest:1|Ocean:68", "Plains:14|Forest:16|Ocean:70", "Plains:1|Forest:27|Swamp:24|Ocean:48"
"Forest:7|Savannah:14|Monsoon Forest:28|Ocean:51", "Forest:4|Savannah:17|Monsoon Forest:27|Ocean:52", "Savannah:19|Monsoon Forest:28|Rainforest:1|Ocean:52", "Plains:4|Savannah:3|Monsoon Forest:43|Rainforest:24|Ocean:26", "Savannah:5|Monsoon Forest:69|Rainforest:19|Ocean:7", "Savannah:45|Monsoon Forest:55", "Savannah:35|Monsoon Forest:65", "Plains:5|Savannah:45|Monsoon Forest:50", "Monsoon Forest:60|Rainforest:40", "Savannah:40|Monsoon Forest:57|Ocean:3", "Savannah:10|Monsoon Forest:90", "Monsoon Forest:43|Rainforest:39|Ocean:18", "Monsoon Forest:68|Rainforest:19|Ocean:13", "Plains:5|Forest:20|Savannah:21|Monsoon Forest:45|Ocean:9", "Plains:5|Savannah:15|Monsoon Forest:75|Rainforest:5", "Plains:60|Savannah:40", "Plains:90|Savannah:10", "Forest:15|Monsoon Forest:65|Rainforest:20", "Monsoon Forest:85|Rainforest:15", "Monsoon Forest:95|Rainforest:5", "Savannah:55|Monsoon Forest:45", "Hot Desert:35|Savannah:65", "Savannah:95|Monsoon Forest:5", "Hot Desert:40|Savannah:60", "Savannah:65|Monsoon Forest:35", "Savannah:35|Monsoon Forest:65", "Plains:10|Savannah:85|Monsoon Forest:5", "Plains:30|Forest:50|Savannah:5|Monsoon Forest:15", "Forest:5|Swamp:35|Rainforest:60", "Forest:5|Savannah:25|Monsoon Forest:69|Ocean:1", "Savannah:50|Monsoon Forest:48|Ocean:2", "Savannah:35|Monsoon Forest:64|Ocean:1", "Savannah:60|Monsoon Forest:40", "Savannah:55|Monsoon Forest:45", "Hot Desert:90|Savannah:10", "Savannah:11|Monsoon Forest:59|Ocean:30", "Savannah:11|Monsoon Forest:39|Ocean:50", "Swamp:3|Monsoon Forest:3|Rainforest:39|Ocean:55", "Swamp:25|Rainforest:4|Ocean:71", "Forest:1|Swamp:18|Monsoon Forest:3|Rainforest:19|Ocean:59", "Forest:6|Swamp:17|Monsoon Forest:2|Rainforest:1|Ocean:74", "Swamp:51|Ocean:49", "Forest:20|Swamp:10|Monsoon Forest:4|Rainforest:31|Ocean:35", "Plains:51|Forest:3|Savannah:18|Ocean:28", "Forest:13|Monsoon Forest:16|Rainforest:4|Ocean:67", "Forest:4|Monsoon Forest:7|Ocean:89", "Ocean:100", "Ocean:100", "Ocean:100", "Ocean:100", "Ocean:100", "Ocean:100", "Ocean:100", "Ocean:100", "Ocean:100", "Ocean:100", "Desert:7|Ocean:93", "Desert:25|Plains:4|Ocean:71", "Desert:23|Plains:27|Ocean:50", "Plains:46|Ocean:54"
"Savannah:3|Monsoon Forest:50|Rainforest:9|Ocean:38", "Plains:7|Forest:46|Savannah:1|Monsoon Forest:14|Ocean:32", "Forest:31|Swamp:3|Monsoon Forest:12|Rainforest:4|Ocean:50", "Forest:9|Swamp:5|Monsoon Forest:4|Rainforest:55|Ocean:27", "Forest:11|Savannah:18|Monsoon Forest:55|Ocean:16", "Forest:10|Savannah:40|Monsoon Forest:50", "Savannah:35|Monsoon Forest:65", "Savannah:20|Monsoon Forest:80", "Hot Desert:5|Savannah:95", "Savannah:55|Monsoon Forest:42|Ocean:3", "Monsoon Forest:44|Rainforest:46|Ocean:10", "Monsoon Forest:41|Rainforest:10|Ocean:49", "Monsoon Forest:25|Rainforest:55|Ocean:20", "Forest:1|Monsoon Forest:62|Rainforest:14|Ocean:23", "Savannah:20|Monsoon Forest:78|Ocean:2", "Plains:74|Forest:20|Monsoon Forest:5|Ocean:1", "Plains:45|Forest:9|Savannah:35|Monsoon Forest:10|Ocean:1", "Forest:30|Swamp:10|Monsoon Forest:40|Rainforest:20", "Savannah:55|Monsoon Forest:45", "Monsoon Forest:5|Rainforest:95", "Savannah:20|Monsoon Forest:80", "Savannah:65|Monsoon Forest:35", "Savannah:100", "Savannah:100", "Hot Desert:5|Savannah:95", "Savannah:60|Monsoon Forest:40", "Savannah:90|Monsoon Forest:10", "Plains:25|Savannah:35|Monsoon Forest:40", "Forest:10|Swamp:35|Monsoon Forest:15|Rainforest:40", "Forest:70|Swamp:20|Monsoon Forest:5|Rainforest:5", "Forest:20|Swamp:75|Monsoon Forest:5", "Monsoon Forest:70|Rainforest:30", "Savannah:10|Monsoon Forest:90", "Savannah:50|Monsoon Forest:50", "Savannah:75|Monsoon Forest:25", "Savannah:89|Monsoon Forest:5|Ocean:6", "Savannah:16|Monsoon Forest:56|Ocean:28", "Savannah:1|Monsoon Forest:66|Rainforest:3|Ocean:30", "Swamp:1|Rainforest:50|Ocean:49", "Plains:14|Forest:20|Swamp:8|Monsoon Forest:23|Rainforest:1|Ocean:34", "Forest:9|Swamp:18|Monsoon Forest:3|Rainforest:25|Ocean:45", "Swamp:61|Rainforest:1|Ocean:38", "Swamp:73|Rainforest:20|Ocean:7", "Forest:32|Swamp:35|Monsoon Forest:6|Rainforest:14|Ocean:13", "Forest:31|Savannah:1|Monsoon Forest:31|Ocean:37", "Plains:9|Forest:6|Monsoon Forest:19|Ocean:66", "Savannah:1|Monsoon Forest:7|Ocean:92", "Ocean:100", "Ocean:100", "Ocean:100", "Ocean:100", "Ocean:100", "Ocean:100", "Ocean:100", "Ocean:100", "Ocean:100", "Plains:8|Ocean:92", "Desert:4|Plains:12|Ocean:84", "Desert:51|Ocean:49", "Desert:7|Plains:40|Ocean:53"
"Forest:16|Swamp:14|Monsoon Forest:14|Rainforest:11|Ocean:45", "Plains:7|Savannah:28|Monsoon Forest:6|Ocean:59", "Ocean:100", "Forest:19|Swamp:22|Ocean:59", "Plains:5|Forest:61|Monsoon Forest:4|Ocean:30", "Forest:35|Swamp:15|Monsoon Forest:40|Rainforest:8|Ocean:2", "Monsoon Forest:20|Rainforest:80", "Savannah:5|Monsoon Forest:85|Rainforest:10", "Savannah:50|Monsoon Forest:50", "Savannah:41|Monsoon Forest:51|Ocean:8", "Savannah:64|Monsoon Forest:17|Ocean:19", "Savannah:23|Monsoon Forest:27|Ocean:50", "Savannah:3|Monsoon Forest:55|Rainforest:1|Ocean:41", "Savannah:1|Monsoon Forest:45|Ocean:54", "Forest:15|Swamp:5|Savannah:10|Monsoon Forest:47|Rainforest:3|Ocean:20", "Monsoon Forest:35|Rainforest:63|Ocean:2", "Plains:19|Forest:25|Savannah:15|Monsoon Forest:40|Ocean:1", "Forest:85|Swamp:5|Rainforest:10", "Plains:75|Forest:5|Savannah:15|Monsoon Forest:5", "Savannah:65|Monsoon Forest:35", "Savannah:35|Monsoon Forest:65", "Savannah:50|Monsoon Forest:50", "Savannah:45|Monsoon Forest:55", "Hot Desert:5|Savannah:95", "Savannah:100", "Hot Desert:65|Savannah:35", "Savannah:100", "Hot Desert:15|Savannah:85", "Plains:15|Forest:10|Savannah:40|Monsoon Forest:35", "Swamp:10|Monsoon Forest:25|Rainforest:65", "Plains:15|Forest:85", "Forest:15|Swamp:30|Monsoon Forest:10|Rainforest:45", "Monsoon Forest:75|Rainforest:25", "Savannah:10|Monsoon Forest:90", "Savannah:75|Monsoon Forest:25", "Savannah:85|Monsoon Forest:15", "Savannah:75|Monsoon Forest:25", "Plains:5|Savannah:70|Monsoon Forest:25", "Savannah:95|Monsoon Forest:5", "Monsoon Forest:55|Rainforest:45", "Monsoon Forest:65|Rainforest:35", "Swamp:34|Rainforest:55|Ocean:11", "Forest:14|Swamp:66|Rainforest:10|Ocean:10", "Forest:49|Swamp:10|Monsoon Forest:5|Rainforest:29|Ocean:7", "Forest:5|Swamp:81|Ocean:14", "Forest:43|Swamp:18|Monsoon Forest:4|Ocean:35", "Plains:20|Forest:13|Savannah:3|Monsoon Forest:8|Ocean:56", "Savannah:2|Monsoon Forest:10|Ocean:88", "Ocean:100", "Ocean:100", "Ocean:100", "Ocean:100", "Ocean:100", "Ocean:100", "Plains:1|Forest:8|Ocean:91", "Desert:1|Plains:7|Ocean:92", "Plains:17|Ocean:83", "Desert:2|Plains:3|Ocean:95", "Plains:14|Ocean:86", "Desert:10|Plains:1|Ocean:89"
"Forest:11|Swamp:76|Ocean:13", "Plains:1|Forest:66|Swamp:5|Savannah:5|Monsoon Forest:13|Ocean:10", "Plains:34|Forest:23|Ocean:43", "Plains:46|Forest:13|Savannah:9|Ocean:32", "Plains:63|Forest:14|Savannah:4|Ocean:19", "Plains:68|Forest:30|Ocean:2", "Forest:35|Swamp:5|Savannah:5|Monsoon Forest:45|Rainforest:10", "Forest:15|Savannah:10|Monsoon Forest:55|Rainforest:20", "Savannah:10|Monsoon Forest:90", "Monsoon Forest:62|Rainforest:29|Ocean:9", "Savannah:87|Ocean:13", "Savannah:34|Monsoon Forest:2|Ocean:64", "Monsoon Forest:44|Ocean:56", "Forest:2|Savannah:25|Monsoon Forest:37|Ocean:36", "Savannah:14|Monsoon Forest:71|Ocean:15", "Swamp:5|Monsoon Forest:5|Rainforest:77|Ocean:13", "Plains:5|Forest:63|Swamp:9|Monsoon Forest:15|Ocean:8", "Plains:10|Forest:77|Swamp:10|Ocean:3", "Plains:5|Forest:90|Rainforest:5", "Plains:40|Forest:55|Monsoon Forest:5", "Plains:15|Savannah:30|Monsoon Forest:55", "Plains:5|Savannah:30|Monsoon Forest:60|Rainforest:5", "Savannah:95|Monsoon Forest:5", "Savannah:50|Monsoon Forest:50", "Savannah:100", "Hot Desert:25|Savannah:75", "Hot Desert:35|Savannah:65", "Hot Desert:95|Savannah:5", "Plains:10|Savannah:90", "Savannah:75|Monsoon Forest:25", "Plains:45|Forest:5|Savannah:35|Monsoon Forest:15", "Plains:10|Forest:55|Savannah:10|Monsoon Forest:25", "Monsoon Forest:15|Rainforest:85", "Monsoon Forest:70|Rainforest:30", "Rainforest:100", "Monsoon Forest:60|Rainforest:40", "Savannah:90|Monsoon Forest:10", "Savannah:75|Monsoon Forest:25", "Savannah:95|Monsoon Forest:5", "Plains:5|Hot Desert:15|Savannah:80", "Savannah:90|Monsoon Forest:10", "Rainforest:100", "Monsoon Forest:30|Rainforest:70", "Forest:15|Swamp:35|Monsoon Forest:5|Rainforest:45", "Swamp:100", "Forest:36|Swamp:40|Rainforest:19|Ocean:5", "Plains:66|Forest:17|Ocean:17", "Plains:5|Forest:4|Savannah:63|Ocean:28", "Forest:1|Monsoon Forest:26|Rainforest:28|Ocean:45", "Savannah:39|Ocean:61", "Savannah:5|Monsoon Forest:29|Rainforest:3|Ocean:63", "Plains:6|Savannah:28|Ocean:66", "Plains:58|Forest:3|Ocean:39", "Plains:12|Forest:25|Ocean:63", "Plains:43|Forest:13|Ocean:44", "Plains:26|Forest:1|Ocean:73", "Desert:5|Plains:38|Ocean:57", "Desert:7|Plains:4|Ocean:89", "Plains:5|Ocean:95", "Ocean:100"
"Forest:30|Swamp:5|Savannah:5|Monsoon Forest:52|Ocean:8", "Plains:37|Forest:25|Savannah:16|Monsoon Forest:14|Ocean:8", "Desert:3|Plains:69|Savannah:10|Ocean:18", "Plains:79|Ocean:21", "Plains:83|Forest:4|Ocean:13", "Desert:30|Plains:42|Hot Desert:10|Savannah:15|Ocean:3", "Plains:14|Forest:20|Savannah:46|Monsoon Forest:15|Ocean:5", "Plains:45|Savannah:35|Monsoon Forest:15|Ocean:5", "Forest:30|Swamp:5|Monsoon Forest:55|Rainforest:5|Ocean:5", "Swamp:30|Monsoon Forest:18|Rainforest:42|Ocean:10", "Forest:4|Savannah:4|Monsoon Forest:68|Rainforest:5|Ocean:19", "Plains:3|Forest:4|Savannah:27|Monsoon Forest:38|Ocean:28", "Savannah:55|Ocean:45", "Savannah:36|Monsoon Forest:1|Ocean:63", "Plains:5|Savannah:40|Monsoon Forest:4|Ocean:51", "Swamp:5|Monsoon Forest:6|Rainforest:36|Ocean:53", "Monsoon Forest:30|Rainforest:29|Ocean:41", "Swamp:39|Rainforest:36|Ocean:25", "Plains:26|Forest:45|Swamp:4|Savannah:5|Monsoon Forest:6|Ocean:14", "Plains:5|Forest:60|Monsoon Forest:35", "Plains:5|Forest:65|Monsoon Forest:30", "Forest:10|Savannah:30|Monsoon Forest:60", "Savannah:70|Monsoon Forest:30", "Savannah:100", "Savannah:80|Monsoon Forest:20", "Hot Desert:15|Savannah:85", "Hot Desert:100", "Hot Desert:65|Savannah:35", "Savannah:80|Monsoon Forest:20", "Savannah:75|Monsoon Forest:25", "Plains:10|Forest:5|Savannah:70|Monsoon Forest:15", "Plains:70|Forest:20|Monsoon Forest:10", "Forest:10|Monsoon Forest:85|Rainforest:5", "Forest:5|Swamp:5|Monsoon Forest:45|Rainforest:45", "Monsoon Forest:15|Rainforest:85", "Monsoon Forest:70|Rainforest:30", "Monsoon Forest:60|Rainforest:40", "Savannah:60|Monsoon Forest:40", "Plains:5|Savannah:75|Monsoon Forest:20", "Savannah:80|Monsoon Forest:20", "Plains:5|Forest:5|Savannah:50|Monsoon Forest:40", "Savannah:95|Monsoon Forest:5", "Forest:5|Swamp:10|Monsoon Forest:15|Rainforest:70", "Forest:5|Swamp:45|Monsoon Forest:5|Rainforest:45", "Swamp:95|Rainforest:5", "Forest:5|Swamp:95", "Forest:40|Swamp:56|Ocean:4", "Plains:35|Forest:42|Savannah:5|Monsoon Forest:10|Ocean:8", "Plains:4|Forest:18|Savannah:11|Monsoon Forest:41|Rainforest:4|Ocean:22", "Savannah:67|Ocean:33", "Savannah:12|Monsoon Forest:49|Ocean:39", "Forest:1|Monsoon Forest:53|Rainforest:1|Ocean:45", "Plains:18|Forest:38|Savannah:5|Monsoon Forest:9|Ocean:30", "Plains:41|Forest:19|Ocean:40", "Plains:14|Forest:70|Ocean:16", "Plains:7|Forest:66|Swamp:1|Ocean:26", "Plains:28|Forest:60|Ocean:12", "Desert:65|Plains:5|Ocean:30", "Desert:5|Plains:34|Ocean:61", "Plains:50|Ocean:50"
"Forest:15|Savannah:15|Monsoon Forest:55|Rainforest:15", "Monsoon Forest:45|Rainforest:55", "Plains:25|Forest:55|Savannah:10|Monsoon Forest:10", "Plains:90|Savannah:10", "Forest:30|Savannah:15|Monsoon Forest:45|Rainforest:10", "Plains:94|Savannah:5|Ocean:1", "Plains:42|Forest:10|Savannah:19|Monsoon Forest:9|Ocean:20", "Forest:4|Savannah:41|Monsoon Forest:45|Ocean:10", "Savannah:66|Monsoon Forest:21|Ocean:13", "Plains:5|Forest:40|Swamp:5|Savannah:5|Monsoon Forest:45", "Monsoon Forest:21|Rainforest:75|Ocean:4", "Monsoon Forest:25|Rainforest:70|Ocean:5", "Savannah:55|Monsoon Forest:21|Ocean:24", "Savannah:1|Monsoon Forest:56|Ocean:43", "Savannah:12|Monsoon Forest:31|Ocean:57", "Forest:1|Savannah:12|Monsoon Forest:9|Ocean:78", "Forest:4|Swamp:14|Rainforest:11|Ocean:71", "Rainforest:68|Ocean:32", "Swamp:8|Monsoon Forest:8|Rainforest:56|Ocean:28", "Plains:5|Forest:41|Swamp:15|Savannah:4|Monsoon Forest:30|Ocean:5", "Forest:50|Swamp:50", "Plains:5|Forest:70|Swamp:25", "Savannah:25|Monsoon Forest:75", "Savannah:70|Monsoon Forest:30", "Savannah:95|Monsoon Forest:5", "Hot Desert:40|Savannah:60", "Hot Desert:90|Savannah:10", "Hot Desert:85|Savannah:15", "Hot Desert:40|Savannah:60", "Hot Desert:70|Savannah:30", "Plains:5|Savannah:65|Monsoon Forest:30", "Plains:35|Forest:15|Savannah:25|Monsoon Forest:25", "Plains:20|Savannah:80", "Plains:10|Forest:30|Savannah:15|Monsoon Forest:45", "Swamp:5|Monsoon Forest:50|Rainforest:45", "Monsoon Forest:10|Rainforest:90", "Rainforest:100", "Rainforest:100", "Forest:5|Monsoon Forest:65|Rainforest:30", "Plains:5|Savannah:60|Monsoon Forest:35", "Monsoon Forest:85|Rainforest:15", "Hot Desert:60|Savannah:40", "Plains:5|Savannah:40|Monsoon Forest:55", "Monsoon Forest:75|Rainforest:25", "Monsoon Forest:70|Rainforest:30", "Forest:55|Swamp:15|Savannah:5|Monsoon Forest:25", "Forest:10|Swamp:90", "Plains:5|Forest:65|Swamp:30", "Plains:20|Forest:80", "Plains:5|Forest:5|Savannah:25|Monsoon Forest:65", "Savannah:20|Monsoon Forest:80", "Monsoon Forest:45|Rainforest:55", "Forest:5|Savannah:5|Monsoon Forest:85|Rainforest:5", "Forest:20|Swamp:10|Monsoon Forest:44|Rainforest:19|Ocean:7", "Plains:67|Forest:26|Ocean:7", "Forest:80|Swamp:9|Ocean:11", "Plains:5|Forest:92|Ocean:3", "Plains:85|Forest:10|Ocean:5", "Plains:66|Ocean:34", "Plains:64|Ocean:36"
"Plains:5|Forest:40|Swamp:5|Monsoon Forest:45|Rainforest:5", "Plains:25|Savannah:65|Monsoon Forest:10", "Forest:5|Savannah:25|Monsoon Forest:70", "Plains:55|Forest:35|Savannah:10", "Plains:10|Forest:5|Savannah:85", "Plains:100", "Plains:77|Ocean:23", "Plains:3|Forest:41|Swamp:4|Savannah:1|Monsoon Forest:23|Ocean:28", "Plains:3|Forest:4|Savannah:4|Monsoon Forest:48|Ocean:41", "Forest:15|Swamp:46|Rainforest:34|Ocean:5", "Forest:20|Swamp:10|Monsoon Forest:55|Rainforest:15", "Savannah:10|Monsoon Forest:80|Rainforest:10", "Monsoon Forest:43|Rainforest:35|Ocean:22", "Savannah:8|Monsoon Forest:36|Ocean:56", "Rainforest:4|Ocean:96", "Rainforest:4|Ocean:96", "Plains:2|Forest:1|Monsoon Forest:2|Ocean:95", "Forest:2|Swamp:13|Rainforest:1|Ocean:84", "Swamp:1|Rainforest:33|Ocean:66", "Forest:3|Swamp:43|Monsoon Forest:5|Rainforest:9|Ocean:40", "Forest:41|Swamp:39|Monsoon Forest:5|Ocean:15", "Plains:13|Forest:67|Swamp:10|Ocean:10", "Forest:25|Swamp:55|Monsoon Forest:15|Rainforest:5", "Savannah:5|Monsoon Forest:85|Rainforest:10", "Monsoon Forest:80|Rainforest:20", "Savannah:25|Monsoon Forest:75", "Hot Desert:25|Savannah:75", "Hot Desert:100", "Hot Desert:100", "Hot Desert:45|Savannah:55", "Savannah:95|Monsoon Forest:5", "Savannah:90|Monsoon Forest:10", "Plains:5|Forest:20|Monsoon Forest:75", "Plains:25|Forest:20|Savannah:30|Monsoon Forest:25", "Savannah:15|Monsoon Forest:85", "Monsoon Forest:100", "Swamp:5|Monsoon Forest:5|Rainforest:90", "Monsoon Forest:30|Rainforest:70", "Swamp:5|Monsoon Forest:35|Rainforest:60", "Plains:5|Forest:25|Savannah:20|Monsoon Forest:50", "Savannah:45|Monsoon Forest:55", "Savannah:30|Monsoon Forest:70", "Savannah:85|Monsoon Forest:15", "Plains:5|Savannah:95", "Forest:5|Savannah:20|Monsoon Forest:75", "Forest:10|Swamp:10|Monsoon Forest:55|Rainforest:25", "Plains:5|Forest:85|Swamp:5|Monsoon Forest:5", "Forest:20|Swamp:80", "Forest:50|Swamp:50", "Plains:45|Forest:55", "Plains:5|Forest:25|Monsoon Forest:70", "Monsoon Forest:5|Rainforest:95", "Monsoon Forest:20|Rainforest:80", "Savannah:5|Monsoon Forest:75|Rainforest:20", "Plains:75|Forest:5|Savannah:15|Monsoon Forest:5", "Plains:44|Forest:51|Ocean:5", "Plains:29|Forest:61|Ocean:10", "Plains:76|Forest:15|Ocean:9", "Plains:70|Forest:14|Ocean:16", "Desert:4|Plains:83|Savannah:1|Ocean:12"
"Swamp:76|Monsoon Forest:9|Rainforest:4|Ocean:11", "Forest:20|Swamp:39|Monsoon Forest:5|Rainforest:30|Ocean:6", "Plains:5|Forest:5|Savannah:55|Monsoon Forest:35", "Plains:5|Forest:65|Swamp:25|Monsoon Forest:5", "Plains:5|Forest:40|Savannah:5|Monsoon Forest:45|Rainforest:5", "Desert:35|Plains:50|Hot Desert:5|Savannah:10", "Plains:71|Forest:14|Ocean:15", "Plains:42|Forest:44|Ocean:14", "Plains:12|Forest:39|Savannah:2|Monsoon Forest:14|Ocean:33", "Forest:20|Swamp:56|Monsoon Forest:4|Rainforest:15|Ocean:5", "Plains:45|Forest:5|Savannah:50", "Plains:5|Savannah:95", "Hot Desert:5|Savannah:87|Ocean:8", "Savannah:2|Monsoon Forest:34|Rainforest:37|Ocean:27", "Monsoon Forest:6|Rainforest:12|Ocean:82", "Rainforest:3|Ocean:97", "Savannah:2|Ocean:98", "Rainforest:3|Ocean:97", "Swamp:9|Ocean:91", "Rainforest:9|Ocean:91", "Forest:7|Swamp:46|Rainforest:9|Ocean:38", "Forest:35|Swamp:28|Monsoon Forest:8|Rainforest:3|Ocean:26", "Plains:5|Forest:74|Swamp:15|Ocean:6", "Plains:10|Forest:45|Swamp:5|Monsoon Forest:40", "Hot Desert:5|Savannah:95", "Savannah:40|Monsoon Forest:60", "Savannah:100", "Hot Desert:40|Savannah:60", "Hot Desert:100", "Savannah:100", "Hot Desert:75|Savannah:25", "Savannah:90|Monsoon Forest:10", "Hot Desert:5|Savannah:95", "Savannah:15|Monsoon Forest:85", "Plains:10|Forest:25|Savannah:10|Monsoon Forest:45|Rainforest:10", "Plains:10|Forest:10|Savannah:5|Monsoon Forest:70|Rainforest:5", "Forest:5|Swamp:5|Savannah:10|Monsoon Forest:65|Rainforest:15", "Monsoon Forest:45|Rainforest:55", "Monsoon Forest:90|Rainforest:10", "Swamp:5|Savannah:5|Monsoon Forest:55|Rainforest:35", "Forest:20|Swamp:10|Monsoon Forest:30|Rainforest:40", "Monsoon Forest:35|Rainforest:65", "Hot Desert:5|Savannah:95", "Savannah:50|Monsoon Forest:50", "Forest:10|Savannah:5|Monsoon Forest:80|Rainforest:5", "Forest:55|Swamp:10|Monsoon Forest:30|Rainforest:5", "Plains:10|Forest:55|Monsoon Forest:35", "Plains:5|Forest:40|Swamp:30|Monsoon Forest:10|Rainforest:15", "Plains:5|Forest:25|Swamp:40|Monsoon Forest:20|Rainforest:10", "Forest:40|Swamp:40|Monsoon Forest:5|Rainforest:15", "Plains:10|Forest:65|Swamp:25", "Swamp:10|Rainforest:90", "Swamp:5|Rainforest:95", "Swamp:5|Monsoon Forest:30|Rainforest:65", "Swamp:10|Monsoon Forest:20|Rainforest:70", "Plains:60|Forest:20|Savannah:4|Monsoon Forest:5|Ocean:11", "Plains:75|Savannah:3|Ocean:22", "Plains:60|Ocean:40", "Plains:27|Forest:41|Monsoon Forest:5|Ocean:27", "Plains:90|Forest:10"
"Swamp:1|Rainforest:63|Ocean:36", "Swamp:43|Rainforest:33|Ocean:24", "Forest:40|Swamp:48|Rainforest:1|Ocean:11", "Savannah:80|Monsoon Forest:20", "Monsoon Forest:70|Rainforest:30", "Plains:60|Forest:40", "Plains:4|Forest:61|Swamp:29|Ocean:6", "Plains:69|Forest:4|Savannah:14|Ocean:13", "Plains:20|Forest:20|Savannah:14|Monsoon Forest:16|Ocean:30", "Plains:23|Forest:35|Savannah:10|Monsoon Forest:24|Ocean:8", "Forest:60|Swamp:5|Savannah:4|Monsoon Forest:30|Ocean:1", "Plains:85|Forest:5|Savannah:10", "Forest:5|Savannah:76|Monsoon Forest:15|Ocean:4", "Savannah:87|Monsoon Forest:5|Ocean:8", "Monsoon Forest:60|Ocean:40", "Rainforest:54|Ocean:46", "Savannah:2|Monsoon Forest:8|Ocean:90", "Forest:4|Swamp:1|Monsoon Forest:1|Rainforest:1|Ocean:93", "Swamp:4|Ocean:96", "Rainforest:8|Ocean:92", "Forest:3|Swamp:29|Rainforest:1|Ocean:67", "Plains:4|Forest:39|Swamp:3|Savannah:5|Monsoon Forest:6|Rainforest:4|Ocean:39", "Plains:52|Forest:20|Savannah:3|Monsoon Forest:4|Ocean:21", "Plains:89|Ocean:11", "Plains:69|Forest:25|Savannah:5|Ocean:1", "Savannah:25|Monsoon Forest:64|Rainforest:10|Ocean:1", "Swamp:5|Savannah:5|Monsoon Forest:80|Rainforest:10", "Savannah:75|Monsoon Forest:25", "Savannah:25|Monsoon Forest:75", "Savannah:5|Monsoon Forest:90|Rainforest:5", "Hot Desert:80|Savannah:20", "Savannah:90|Monsoon Forest:10", "Savannah:100", "Plains:10|Savannah:90", "Savannah:100", "Plains:5|Forest:5|Savannah:10|Monsoon Forest:70|Rainforest:10", "Savannah:10|Monsoon Forest:85|Rainforest:5", "Swamp:20|Rainforest:80", "Plains:5|Forest:5|Savannah:30|Monsoon Forest:60", "Monsoon Forest:50|Rainforest:50", "Forest:10|Savannah:30|Monsoon Forest:60", "Savannah:5|Monsoon Forest:85|Rainforest:10", "Plains:30|Forest:10|Savannah:30|Monsoon Forest:30", "Plains:5|Forest:75|Swamp:5|Savannah:5|Monsoon Forest:5|Rainforest:5", "Forest:5|Savannah:60|Monsoon Forest:35", "Plains:5|Savannah:70|Monsoon Forest:25", "Forest:5|Swamp:5|Monsoon Forest:15|Rainforest:75", "Forest:35|Swamp:10|Savannah:5|Monsoon Forest:30|Rainforest:20", "Swamp:5|Monsoon Forest:10|Rainforest:85", "Plains:5|Forest:20|Savannah:10|Monsoon Forest:65", "Forest:5|Swamp:20|Rainforest:75", "Swamp:100", "Forest:10|Swamp:5|Monsoon Forest:40|Rainforest:45", "Monsoon Forest:35|Rainforest:65", "Rainforest:100", "Monsoon Forest:65|Rainforest:25|Ocean:10", "Plains:42|Forest:26|Savannah:1|Ocean:31", "Desert:11|Plains:48|Ocean:41", "Plains:50|Forest:1|Ocean:49", "Plains:4|Forest:79|Ocean:17"
"Rainforest:9|Ocean:91", "Swamp:2|Monsoon Forest:3|Rainforest:43|Ocean:52", "Plains:11|Forest:8|Savannah:33|Monsoon Forest:16|Ocean:32", "Forest:66|Swamp:24|Monsoon Forest:5|Ocean:5", "Plains:5|Forest:93|Ocean:2", "Plains:50|Forest:10|Savannah:30|Monsoon Forest:10", "Plains:15|Forest:85", "Plains:95|Forest:5", "Plains:34|Forest:10|Savannah:45|Monsoon Forest:10|Ocean:1", "Savannah:100", "Plains:10|Savannah:79|Monsoon Forest:10|Ocean:1", "Desert:30|Plains:25|Hot Desert:30|Savannah:15", "Plains:70|Savannah:30", "Savannah:45|Monsoon Forest:55", "Monsoon Forest:66|Rainforest:16|Ocean:18", "Monsoon Forest:48|Rainforest:25|Ocean:27", "Savannah:17|Monsoon Forest:35|Rainforest:1|Ocean:47", "Forest:16|Swamp:1|Monsoon Forest:21|Rainforest:1|Ocean:61", "Forest:16|Swamp:7|Ocean:77", "Swamp:2|Rainforest:1|Ocean:97", "Ocean:100", "Swamp:31|Rainforest:17|Ocean:52", "Swamp:48|Rainforest:18|Ocean:34", "Plains:5|Forest:37|Swamp:2|Monsoon Forest:17|Ocean:39", "Plains:35|Forest:6|Savannah:27|Monsoon Forest:10|Ocean:22", "Plains:35|Forest:20|Savannah:31|Monsoon Forest:4|Ocean:10", "Plains:5|Forest:15|Swamp:5|Savannah:10|Monsoon Forest:60|Rainforest:5", "Forest:10|Monsoon Forest:70|Rainforest:20", "Savannah:90|Monsoon Forest:10", "Monsoon Forest:90|Rainforest:10", "Hot Desert:35|Savannah:65", "Savannah:20|Monsoon Forest:80", "Savannah:85|Monsoon Forest:15", "Savannah:44|Monsoon Forest:55|Ocean:1", "Hot Desert:20|Savannah:79|Ocean:1", "Plains:39|Savannah:60|Ocean:1", "Plains:5|Savannah:60|Monsoon Forest:35", "Monsoon Forest:35|Rainforest:65", "Rainforest:100", "Monsoon Forest:45|Rainforest:55", "Forest:10|Monsoon Forest:70|Rainforest:20", "Swamp:20|Rainforest:80", "Monsoon Forest:70|Rainforest:30", "Forest:5|Savannah:5|Monsoon Forest:80|Rainforest:10", "Savannah:5|Monsoon Forest:75|Rainforest:20", "Plains:5|Forest:30|Swamp:5|Monsoon Forest:60", "Savannah:20|Monsoon Forest:80", "Forest:10|Monsoon Forest:70|Rainforest:20", "Swamp:5|Monsoon Forest:5|Rainforest:90", "Savannah:10|Monsoon Forest:75|Rainforest:15", "Monsoon Forest:45|Rainforest:55", "Swamp:25|Monsoon Forest:5|Rainforest:70", "Swamp:5|Rainforest:95", "Rainforest:100", "Rainforest:100", "Forest:15|Swamp:10|Monsoon Forest:20|Rainforest:51|Ocean:4", "Forest:5|Swamp:3|Savannah:5|Monsoon Forest:55|Rainforest:10|Ocean:22", "Plains:33|Forest:37|Ocean:30", "Plains:45|Forest:4|Ocean:51", "Plains:70|Ocean:30"
"Rainforest:13|Ocean:87", "Forest:1|Monsoon Forest:12|Ocean:87", "Forest:12|Savannah:8|Monsoon Forest:8|Ocean:72", "Savannah:5|Monsoon Forest:60|Rainforest:9|Ocean:26", "Swamp:39|Rainforest:51|Ocean:10", "Plains:10|Forest:30|Savannah:20|Monsoon Forest:37|Ocean:3", "Savannah:15|Monsoon Forest:85", "Forest:40|Swamp:10|Monsoon Forest:25|Rainforest:25", "Plains:25|Forest:29|Swamp:5|Savannah:25|Monsoon Forest:15|Ocean:1", "Savannah:84|Monsoon Forest:15|Ocean:1", "Plains:5|Hot Desert:25|Savannah:69|Ocean:1", "Savannah:100", "Desert:5|Savannah:95", "Desert:5|Plains:45|Hot Desert:5|Savannah:45", "Savannah:100", "Savannah:90|Monsoon Forest:10", "Savannah:24|Monsoon Forest:66|Rainforest:5|Ocean:5", "Plains:19|Forest:18|Savannah:15|Monsoon Forest:19|Rainforest:1|Ocean:28", "Swamp:12|Monsoon Forest:16|Rainforest:23|Ocean:49", "Monsoon Forest:2|Rainforest:22|Ocean:76", "Rainforest:16|Ocean:84", "Swamp:42|Rainforest:16|Ocean:42", "Swamp:1|Monsoon Forest:11|Rainforest:32|Ocean:56", "Forest:1|Swamp:4|Monsoon Forest:13|Rainforest:25|Ocean:57", "Plains:42|Savannah:2|Ocean:56", "Forest:14|Monsoon Forest:45|Ocean:41", "Desert:3|Savannah:87|Ocean:10", "Savannah:25|Monsoon Forest:72|Ocean:3", "Plains:15|Forest:5|Savannah:60|Monsoon Forest:20", "Savannah:25|Monsoon Forest:70|Rainforest:5", "Savannah:100", "Savannah:100", "Savannah:75|Monsoon Forest:25", "Savannah:14|Monsoon Forest:80|Rainforest:5|Ocean:1", "Hot Desert:15|Savannah:85", "Savannah:79|Monsoon Forest:20|Ocean:1", "Plains:5|Savannah:25|Monsoon Forest:65|Rainforest:5", "Savannah:70|Monsoon Forest:30", "Savannah:5|Monsoon Forest:65|Rainforest:30", "Monsoon Forest:20|Rainforest:80", "Plains:5|Savannah:30|Monsoon Forest:65", "Forest:5|Savannah:20|Monsoon Forest:70|Rainforest:5", "Monsoon Forest:70|Rainforest:30", "Rainforest:100", "Swamp:5|Monsoon Forest:90|Rainforest:5", "Savannah:45|Monsoon Forest:55", "Forest:15|Swamp:5|Monsoon Forest:30|Rainforest:50", "Savannah:80|Monsoon Forest:20", "Forest:5|Savannah:5|Monsoon Forest:55|Rainforest:35", "Forest:20|Swamp:20|Monsoon Forest:30|Rainforest:30", "Savannah:5|Monsoon Forest:65|Rainforest:30", "Forest:5|Monsoon Forest:65|Rainforest:30", "Rainforest:100", "Swamp:4|Rainforest:91|Ocean:5", "Rainforest:94|Ocean:6", "Savannah:35|Monsoon Forest:58|Ocean:7", "Forest:30|Swamp:11|Monsoon Forest:5|Rainforest:45|Ocean:9", "Forest:1|Swamp:60|Monsoon Forest:4|Rainforest:13|Ocean:22", "Forest:14|Swamp:57|Rainforest:19|Ocean:10", "Forest:72|Swamp:1|Monsoon Forest:8|Ocean:19"
"Rainforest:8|Ocean:92", "Savannah:1|Monsoon Forest:4|Ocean:95", "Forest:23|Swamp:1|Monsoon Forest:15|Ocean:61", "Monsoon Forest:25|Rainforest:52|Ocean:23", "Swamp:65|Rainforest:30|Ocean:5", "Forest:40|Swamp:22|Monsoon Forest:25|Rainforest:10|Ocean:3", "Forest:10|Swamp:85|Rainforest:5", "Savannah:95|Monsoon Forest:5", "Plains:5|Forest:75|Swamp:20", "Forest:75|Swamp:5|Monsoon Forest:20", "Desert:40|Plains:45|Hot Desert:10|Savannah:5", "Plains:65|Hot Desert:5|Savannah:30", "Savannah:95|Monsoon Forest:5", "Plains:55|Forest:15|Savannah:30", "Plains:15|Savannah:85", "Plains:20|Savannah:80", "Savannah:85|Monsoon Forest:15", "Savannah:75|Monsoon Forest:20|Ocean:5", "Monsoon Forest:43|Rainforest:32|Ocean:25", "Swamp:18|Rainforest:43|Ocean:39", "Swamp:24|Rainforest:36|Ocean:40", "Swamp:27|Monsoon Forest:4|Rainforest:55|Ocean:14", "Swamp:7|Rainforest:62|Ocean:31", "Monsoon Forest:3|Rainforest:47|Ocean:50", "Rainforest:14|Ocean:86", "Plains:19|Forest:1|Savannah:1|Ocean:79", "Plains:11|Hot Desert:1|Savannah:49|Ocean:39", "Savannah:82|Ocean:18", "Plains:10|Savannah:65|Monsoon Forest:23|Ocean:2", "Plains:5|Savannah:68|Monsoon Forest:25|Ocean:2", "Savannah:83|Monsoon Forest:15|Ocean:2", "Savannah:55|Monsoon Forest:45", "Savannah:45|Monsoon Forest:55", "Savannah:74|Monsoon Forest:25|Ocean:1", "Hot Desert:29|Savannah:70|Ocean:1", "Hot Desert:68|Savannah:30|Ocean:2", "Hot Desert:5|Savannah:89|Monsoon Forest:5|Ocean:1", "Plains:15|Forest:4|Savannah:74|Ocean:7", "Forest:25|Swamp:1|Savannah:10|Monsoon Forest:44|Rainforest:15|Ocean:5", "Savannah:34|Monsoon Forest:61|Ocean:5", "Monsoon Forest:40|Rainforest:60", "Savannah:5|Monsoon Forest:83|Rainforest:10|Ocean:2", "Savannah:50|Monsoon Forest:48|Ocean:2", "Swamp:15|Monsoon Forest:15|Rainforest:68|Ocean:2", "Swamp:30|Rainforest:70", "Monsoon Forest:15|Rainforest:85", "Rainforest:100", "Forest:5|Monsoon Forest:95", "Forest:10|Savannah:25|Monsoon Forest:65", "Monsoon Forest:45|Rainforest:55", "Monsoon Forest:80|Rainforest:20", "Forest:5|Monsoon Forest:80|Rainforest:15", "Swamp:20|Rainforest:80", "Monsoon Forest:39|Rainforest:54|Ocean:7", "Forest:5|Swamp:21|Monsoon Forest:15|Rainforest:55|Ocean:4", "Rainforest:88|Ocean:12", "Swamp:20|Monsoon Forest:10|Rainforest:67|Ocean:3", "Plains:36|Forest:45|Savannah:9|Ocean:10", "Plains:29|Forest:59|Ocean:12", "Swamp:66|Rainforest:4|Ocean:30"
"Rainforest:8|Ocean:92", "Rainforest:11|Ocean:89", "Monsoon Forest:28|Ocean:72", "Savannah:58|Monsoon Forest:7|Ocean:35", "Savannah:30|Monsoon Forest:64|Ocean:6", "Plains:5|Forest:37|Monsoon Forest:50|Rainforest:5|Ocean:3", "Plains:10|Forest:75|Swamp:10|Monsoon Forest:5", "Plains:5|Forest:90|Swamp:5", "Forest:10|Swamp:15|Monsoon Forest:30|Rainforest:45", "Forest:15|Swamp:85", "Plains:75|Forest:5|Savannah:20", "Plains:65|Forest:20|Savannah:10|Monsoon Forest:5", "Plains:10|Forest:10|Savannah:80", "Plains:65|Forest:30|Monsoon Forest:5", "Forest:5|Savannah:65|Monsoon Forest:30", "Savannah:85|Monsoon Forest:15", "Plains:5|Savannah:95", "Savannah:75|Monsoon Forest:25", "Plains:5|Forest:4|Savannah:10|Monsoon Forest:72|Ocean:9", "Monsoon Forest:24|Rainforest:56|Ocean:20", "Forest:30|Swamp:6|Savannah:4|Monsoon Forest:41|Ocean:19", "Swamp:28|Rainforest:65|Ocean:7", "Monsoon Forest:36|Rainforest:56|Ocean:8", "Swamp:9|Rainforest:54|Ocean:37", "Monsoon Forest:19|Ocean:81", "Ocean:100", "Forest:4|Savannah:1|Monsoon Forest:32|Ocean:63", "Plains:12|Hot Desert:3|Savannah:32|Ocean:53", "Savannah:85|Monsoon Forest:1|Ocean:14", "Hot Desert:4|Savannah:87|Ocean:9", "Desert:10|Plains:39|Savannah:36|Monsoon Forest:5|Ocean:10", "Savannah:38|Monsoon Forest:42|Ocean:20", "Savannah:56|Monsoon Forest:29|Ocean:15", "Savannah:1|Monsoon Forest:82|Ocean:17", "Savannah:96|Ocean:4", "Hot Desert:90|Ocean:10", "Hot Desert:29|Savannah:63|Ocean:8", "Forest:3|Savannah:44|Monsoon Forest:26|Ocean:27", "Hot Desert:58|Savannah:23|Ocean:19", "Savannah:53|Monsoon Forest:19|Ocean:28", "Savannah:15|Monsoon Forest:74|Rainforest:5|Ocean:6", "Monsoon Forest:19|Rainforest:72|Ocean:9", "Monsoon Forest:25|Rainforest:75", "Monsoon Forest:65|Rainforest:32|Ocean:3", "Rainforest:100", "Monsoon Forest:75|Rainforest:25", "Monsoon Forest:5|Rainforest:95", "Savannah:50|Monsoon Forest:50", "Plains:5|Forest:15|Savannah:40|Monsoon Forest:40", "Forest:5|Monsoon Forest:80|Rainforest:15", "Forest:5|Savannah:10|Monsoon Forest:75|Rainforest:10", "Savannah:30|Monsoon Forest:70", "Forest:35|Swamp:55|Rainforest:10", "Swamp:49|Rainforest:46|Ocean:5", "Swamp:9|Rainforest:83|Ocean:8", "Swamp:47|Rainforest:46|Ocean:7", "Monsoon Forest:50|Rainforest:47|Ocean:3", "Swamp:50|Monsoon Forest:5|Rainforest:45", "Forest:20|Swamp:15|Monsoon Forest:55|Rainforest:10", "Forest:30|Swamp:35|Monsoon Forest:10|Rainforest:25"
"Swamp:2|Rainforest:11|Ocean:87", "Rainforest:13|Ocean:87", "Rainforest:19|Ocean:81", "Savannah:18|Monsoon Forest:33|Ocean:49", "Plains:6|Forest:26|Swamp:3|Monsoon Forest:46|Ocean:19", "Plains:20|Savannah:75|Monsoon Forest:5", "Savannah:60|Monsoon Forest:40", "Forest:85|Monsoon Forest:15", "Swamp:5|Monsoon Forest:15|Rainforest:80", "Swamp:65|Rainforest:35", "Plains:5|Forest:45|Swamp:25|Monsoon Forest:20|Rainforest:5", "Plains:95|Forest:5", "Plains:90|Forest:10", "Plains:25|Savannah:70|Monsoon Forest:5", "Plains:5|Forest:10|Savannah:5|Monsoon Forest:65|Rainforest:15", "Forest:10|Savannah:20|Monsoon Forest:70", "Savannah:95|Monsoon Forest:5", "Hot Desert:10|Savannah:90", "Savannah:100", "Savannah:50|Monsoon Forest:50", "Monsoon Forest:20|Rainforest:80", "Swamp:10|Rainforest:90", "Monsoon Forest:10|Rainforest:90", "Forest:10|Monsoon Forest:14|Rainforest:52|Ocean:24", "Rainforest:52|Ocean:48", "Plains:1|Savannah:2|Monsoon Forest:6|Ocean:91", "Monsoon Forest:45|Ocean:55", "Hot Desert:12|Savannah:26|Ocean:62", "Desert:29|Plains:13|Hot Desert:14|Savannah:23|Ocean:21", "Hot Desert:72|Ocean:28", "Hot Desert:37|Savannah:41|Ocean:22", "Hot Desert:9|Savannah:57|Ocean:34", "Savannah:48|Monsoon Forest:18|Ocean:34", "Savannah:8|Monsoon Forest:42|Ocean:50", "Monsoon Forest:20|Rainforest:66|Ocean:14", "Hot Desert:32|Savannah:37|Ocean:31", "Savannah:97|Ocean:3", "Savannah:40|Ocean:60", "Savannah:62|Monsoon Forest:14|Ocean:24", "Plains:3|Savannah:52|Monsoon Forest:5|Ocean:40", "Forest:5|Savannah:79|Monsoon Forest:15|Ocean:1", "Monsoon Forest:65|Rainforest:25|Ocean:10", "Rainforest:97|Ocean:3", "Swamp:31|Monsoon Forest:35|Rainforest:30|Ocean:4", "Forest:30|Savannah:4|Monsoon Forest:61|Ocean:5", "Swamp:36|Monsoon Forest:4|Rainforest:55|Ocean:5", "Rainforest:97|Ocean:3", "Savannah:20|Monsoon Forest:80", "Forest:45|Swamp:30|Monsoon Forest:20|Rainforest:5", "Forest:55|Swamp:30|Monsoon Forest:15", "Monsoon Forest:90|Rainforest:10", "Savannah:70|Monsoon Forest:30", "Forest:5|Swamp:20|Monsoon Forest:10|Rainforest:65", "Forest:50|Swamp:10|Monsoon Forest:40", "Swamp:45|Rainforest:53|Ocean:2", "Swamp:41|Rainforest:55|Ocean:4", "Swamp:15|Rainforest:83|Ocean:2", "Swamp:20|Rainforest:80", "Rainforest:100", "Forest:5|Swamp:55|Rainforest:40"
"Forest:12|Swamp:3|Savannah:1|Monsoon Forest:36|Rainforest:5|Ocean:43", "Swamp:53|Ocean:47", "Rainforest:27|Ocean:73", "Swamp:13|Rainforest:10|Ocean:77", "Forest:21|Swamp:3|Monsoon Forest:25|Ocean:51", "Plains:4|Forest:70|Swamp:5|Monsoon Forest:9|Ocean:12", "Plains:10|Forest:10|Savannah:55|Monsoon Forest:25", "Savannah:5|Monsoon Forest:95", "Forest:10|Savannah:45|Monsoon Forest:45", "Forest:5|Monsoon Forest:80|Rainforest:15", "Forest:50|Swamp:10|Monsoon Forest:40", "Forest:80|Swamp:10|Savannah:5|Monsoon Forest:5", "Desert:20|Plains:75|Savannah:5", "Plains:90|Forest:5|Savannah:5", "Forest:95|Swamp:5", "Monsoon Forest:20|Rainforest:80", "Savannah:20|Monsoon Forest:80", "Savannah:65|Monsoon Forest:35", "Savannah:100", "Savannah:100", "Monsoon Forest:85|Rainforest:15", "Monsoon Forest:60|Rainforest:40", "Monsoon Forest:10|Rainforest:90", "Swamp:9|Monsoon Forest:4|Rainforest:71|Ocean:16", "Monsoon Forest:66|Rainforest:6|Ocean:28", "Forest:10|Savannah:15|Monsoon Forest:5|Ocean:70", "Plains:1|Forest:2|Savannah:33|Monsoon Forest:14|Ocean:50", "Savannah:35|Monsoon Forest:10|Ocean:55", "Plains:1|Savannah:46|Ocean:53", "Hot Desert:60|Ocean:40", "Desert:1|Hot Desert:24|Savannah:29|Ocean:46", "Plains:5|Hot Desert:12|Savannah:37|Ocean:46", "Savannah:52|Ocean:48", "Savannah:15|Ocean:85", "Savannah:62|Ocean:38", "Savannah:37|Monsoon Forest:7|Ocean:56", "Savannah:83|Ocean:17", "Savannah:16|Ocean:84", "Savannah:27|Monsoon Forest:41|Ocean:32", "Savannah:25|Monsoon Forest:5|Ocean:70", "Plains:4|Hot Desert:4|Savannah:64|Monsoon Forest:3|Ocean:25", "Plains:6|Forest:1|Savannah:24|Monsoon Forest:45|Ocean:24", "Plains:10|Forest:5|Savannah:40|Monsoon Forest:45", "Swamp:9|Rainforest:83|Ocean:8", "Forest:4|Monsoon Forest:30|Rainforest:52|Ocean:14", "Forest:19|Savannah:25|Monsoon Forest:32|Ocean:24", "Monsoon Forest:57|Rainforest:24|Ocean:19", "Monsoon Forest:39|Rainforest:51|Ocean:10", "Monsoon Forest:85|Rainforest:15", "Forest:25|Swamp:55|Monsoon Forest:10|Rainforest:10", "Monsoon Forest:15|Rainforest:85", "Plains:10|Savannah:79|Monsoon Forest:10|Ocean:1", "Savannah:25|Monsoon Forest:74|Ocean:1", "Plains:5|Forest:15|Monsoon Forest:78|Ocean:2", "Forest:10|Swamp:80|Monsoon Forest:5|Rainforest:5", "Swamp:70|Rainforest:30", "Swamp:30|Rainforest:70", "Swamp:5|Rainforest:95", "Swamp:45|Rainforest:55", "Swamp:5|Rainforest:95"
"Plains:15|Forest:15|Savannah:49|Monsoon Forest:15|Ocean:6", "Forest:57|Swamp:30|Ocean:13", "Rainforest:59|Ocean:41", "Rainforest:33|Ocean:67", "Swamp:3|Rainforest:26|Ocean:71", "Plains:18|Savannah:54|Ocean:28", "Forest:42|Swamp:45|Rainforest:10|Ocean:3", "Forest:35|Savannah:10|Monsoon Forest:55", "Forest:10|Swamp:25|Monsoon Forest:5|Rainforest:60", "Forest:15|Savannah:40|Monsoon Forest:45", "Monsoon Forest:5|Rainforest:95", "Savannah:5|Monsoon Forest:80|Rainforest:15", "Plains:15|Forest:30|Savannah:35|Monsoon Forest:20", "Plains:35|Forest:55|Savannah:5|Monsoon Forest:5", "Plains:30|Forest:70", "Plains:50|Forest:40|Savannah:10", "Forest:5|Savannah:15|Monsoon Forest:65|Rainforest:15", "Savannah:35|Monsoon Forest:65", "Savannah:65|Monsoon Forest:35", "Savannah:100", "Savannah:100", "Monsoon Forest:45|Rainforest:55", "Rainforest:100", "Monsoon Forest:65|Rainforest:33|Ocean:2", "Forest:55|Swamp:5|Monsoon Forest:32|Rainforest:5|Ocean:3", "Plains:5|Forest:22|Savannah:30|Monsoon Forest:40|Ocean:3", "Plains:66|Forest:9|Savannah:9|Ocean:16", "Plains:15|Forest:30|Savannah:5|Monsoon Forest:50", "Savannah:16|Monsoon Forest:48|Ocean:36", "Savannah:74|Monsoon Forest:2|Ocean:24", "Desert:8|Hot Desert:61|Savannah:10|Ocean:21", "Desert:2|Hot Desert:55|Savannah:3|Ocean:40", "Plains:1|Savannah:56|Ocean:43", "Hot Desert:9|Savannah:27|Ocean:64", "Hot Desert:41|Ocean:59", "Savannah:25|Monsoon Forest:18|Ocean:57", "Savannah:4|Monsoon Forest:66|Rainforest:3|Ocean:27", "Savannah:88|Ocean:12", "Savannah:68|Monsoon Forest:25|Ocean:7", "Savannah:11|Monsoon Forest:57|Ocean:32", "Plains:5|Forest:4|Savannah:40|Monsoon Forest:40|Ocean:11", "Savannah:65|Monsoon Forest:3|Ocean:32", "Plains:35|Forest:5|Savannah:21|Monsoon Forest:31|Ocean:8", "Swamp:20|Monsoon Forest:13|Rainforest:47|Ocean:20", "Swamp:53|Monsoon Forest:5|Rainforest:30|Ocean:12", "Forest:1|Swamp:3|Monsoon Forest:4|Rainforest:25|Ocean:67", "Monsoon Forest:36|Rainforest:21|Ocean:43", "Monsoon Forest:54|Rainforest:2|Ocean:44", "Savannah:17|Monsoon Forest:75|Ocean:8", "Monsoon Forest:30|Rainforest:70", "Forest:5|Swamp:15|Monsoon Forest:10|Rainforest:70", "Monsoon Forest:88|Rainforest:10|Ocean:2", "Forest:5|Swamp:5|Monsoon Forest:55|Rainforest:35", "Savannah:20|Monsoon Forest:78|Ocean:2", "Monsoon Forest:25|Rainforest:75", "Forest:25|Monsoon Forest:50|Rainforest:25", "Swamp:20|Rainforest:80", "Rainforest:100", "Swamp:40|Rainforest:60", "Swamp:70|Rainforest:30"
"Desert:5|Plains:15|Savannah:80", "Plains:5|Forest:44|Swamp:10|Savannah:5|Monsoon Forest:20|Rainforest:15|Ocean:1", "Rainforest:88|Ocean:12", "Savannah:1|Monsoon Forest:39|Rainforest:18|Ocean:42", "Forest:26|Monsoon Forest:5|Ocean:69", "Plains:47|Savannah:9|Ocean:44", "Plains:18|Forest:24|Savannah:16|Monsoon Forest:30|Ocean:12", "Forest:5|Savannah:35|Monsoon Forest:60", "Swamp:5|Monsoon Forest:10|Rainforest:85", "Monsoon Forest:65|Rainforest:35", "Forest:15|Swamp:55|Rainforest:30", "Forest:5|Savannah:5|Monsoon Forest:90", "Savannah:5|Monsoon Forest:85|Rainforest:10", "Forest:45|Swamp:10|Monsoon Forest:45", "Plains:20|Forest:75|Savannah:5", "Plains:50|Forest:40|Savannah:5|Monsoon Forest:5", "Plains:5|Forest:65|Swamp:10|Monsoon Forest:10|Rainforest:10", "Forest:5|Swamp:10|Monsoon Forest:20|Rainforest:65", "Savannah:5|Monsoon Forest:95", "Plains:5|Savannah:95", "Savannah:95|Monsoon Forest:5", "Hot Desert:10|Savannah:90", "Savannah:30|Monsoon Forest:70", "Monsoon Forest:60|Rainforest:40", "Plains:40|Forest:24|Savannah:30|Monsoon Forest:5|Ocean:1", "Forest:5|Swamp:40|Monsoon Forest:10|Rainforest:44|Ocean:1", "Forest:16|Swamp:10|Monsoon Forest:55|Rainforest:10|Ocean:9", "Plains:30|Forest:29|Savannah:22|Monsoon Forest:1|Ocean:18", "Forest:26|Monsoon Forest:39|Rainforest:1|Ocean:34", "Forest:1|Savannah:32|Monsoon Forest:6|Ocean:61", "Plains:7|Savannah:55|Ocean:38", "Savannah:52|Ocean:48", "Hot Desert:59|Savannah:3|Ocean:38", "Hot Desert:35|Savannah:4|Ocean:61", "Desert:6|Plains:5|Hot Desert:2|Savannah:6|Ocean:81", "Desert:1|Plains:1|Hot Desert:37|Savannah:10|Ocean:51", "Hot Desert:6|Savannah:59|Ocean:35", "Savannah:85|Monsoon Forest:3|Ocean:12", "Savannah:13|Monsoon Forest:85|Ocean:2", "Savannah:3|Monsoon Forest:77|Ocean:20", "Monsoon Forest:16|Rainforest:40|Ocean:44", "Swamp:5|Monsoon Forest:7|Rainforest:32|Ocean:56", "Monsoon Forest:48|Rainforest:8|Ocean:44", "Savannah:6|Monsoon Forest:30|Ocean:64", "Swamp:10|Monsoon Forest:27|Rainforest:18|Ocean:45", "Monsoon Forest:1|Rainforest:8|Ocean:91", "Monsoon Forest:4|Rainforest:19|Ocean:77", "Savannah:12|Monsoon Forest:2|Ocean:86", "Savannah:37|Monsoon Forest:2|Ocean:61", "Savannah:19|Monsoon Forest:41|Rainforest:3|Ocean:37", "Monsoon Forest:22|Rainforest:53|Ocean:25", "Monsoon Forest:71|Rainforest:19|Ocean:10", "Plains:1|Forest:33|Savannah:5|Monsoon Forest:39|Ocean:22", "Forest:11|Swamp:4|Monsoon Forest:6|Rainforest:64|Ocean:15", "Plains:3|Savannah:64|Monsoon Forest:11|Ocean:22", "Monsoon Forest:62|Rainforest:29|Ocean:9", "Plains:38|Forest:35|Savannah:5|Monsoon Forest:15|Ocean:7", "Monsoon Forest:5|Rainforest:95", "Swamp:15|Rainforest:85", "Forest:5|Swamp:25|Rainforest:70"
"Savannah:35|Monsoon Forest:65", "Desert:35|Plains:35|Hot Desert:5|Savannah:25", "Savannah:90|Monsoon Forest:10", "Savannah:1|Monsoon Forest:74|Rainforest:15|Ocean:10", "Swamp:8|Monsoon Forest:4|Rainforest:58|Ocean:30", "Forest:6|Swamp:8|Monsoon Forest:42|Rainforest:19|Ocean:25", "Plains:66|Savannah:4|Monsoon Forest:3|Ocean:27", "Plains:15|Savannah:54|Monsoon Forest:25|Ocean:6", "Plains:5|Forest:14|Savannah:21|Monsoon Forest:55|Ocean:5", "Savannah:5|Monsoon Forest:75|Rainforest:20", "Forest:10|Savannah:10|Monsoon Forest:65|Rainforest:15", "Forest:5|Monsoon Forest:85|Rainforest:10", "Forest:5|Swamp:5|Monsoon Forest:15|Rainforest:75", "Monsoon Forest:55|Rainforest:45", "Swamp:5|Savannah:20|Monsoon Forest:70|Rainforest:5", "Plains:30|Forest:30|Savannah:20|Monsoon Forest:20", "Plains:45|Forest:10|Savannah:35|Monsoon Forest:10", "Forest:15|Swamp:40|Monsoon Forest:10|Rainforest:35", "Forest:20|Savannah:5|Monsoon Forest:65|Rainforest:10", "Savannah:15|Monsoon Forest:85", "Plains:5|Hot Desert:15|Savannah:80", "Hot Desert:80|Savannah:20", "Hot Desert:10|Savannah:90", "Savannah:93|Monsoon Forest:5|Ocean:2", "Plains:25|Hot Desert:5|Savannah:62|Ocean:8", "Forest:54|Swamp:1|Monsoon Forest:26|Rainforest:10|Ocean:9", "Forest:20|Swamp:73|Ocean:7", "Plains:74|Forest:6|Savannah:13|Ocean:7", "Forest:45|Swamp:5|Monsoon Forest:50", "Forest:45|Swamp:19|Monsoon Forest:9|Rainforest:4|Ocean:23", "Plains:46|Forest:9|Savannah:35|Monsoon Forest:5|Ocean:5", "Savannah:39|Ocean:61", "Hot Desert:46|Savannah:35|Ocean:19", "Hot Desert:72|Ocean:28", "Hot Desert:53|Savannah:13|Ocean:34", "Hot Desert:48|Savannah:14|Ocean:38", "Desert:3|Hot Desert:34|Savannah:33|Ocean:30", "Hot Desert:21|Savannah:68|Ocean:11", "Savannah:95|Monsoon Forest:5", "Savannah:81|Monsoon Forest:10|Ocean:9", "Monsoon Forest:43|Ocean:57", "Forest:2|Monsoon Forest:21|Ocean:77", "Monsoon Forest:21|Rainforest:1|Ocean:78", "Savannah:17|Ocean:83", "Plains:2|Forest:21|Ocean:77", "Monsoon Forest:4|Ocean:96", "Savannah:2|Monsoon Forest:3|Ocean:95", "Ocean:100", "Monsoon Forest:6|Rainforest:1|Ocean:93", "Monsoon Forest:21|Rainforest:4|Ocean:75", "Savannah:24|Monsoon Forest:24|Ocean:52", "Monsoon Forest:25|Rainforest:51|Ocean:24", "Monsoon Forest:66|Rainforest:9|Ocean:25", "Monsoon Forest:15|Rainforest:83|Ocean:2", "Monsoon Forest:5|Rainforest:73|Ocean:22", "Savannah:20|Monsoon Forest:80", "Savannah:5|Monsoon Forest:85|Ocean:10", "Swamp:5|Monsoon Forest:30|Rainforest:65", "Rainforest:100", "Forest:5|Monsoon Forest:90|Rainforest:5"
"Hot Desert:10|Savannah:90", "Plains:20|Savannah:80", "Plains:95|Savannah:5", "Plains:10|Forest:44|Swamp:5|Monsoon Forest:40|Ocean:1", "Savannah:16|Monsoon Forest:68|Rainforest:4|Ocean:12", "Monsoon Forest:45|Rainforest:46|Ocean:9", "Savannah:4|Monsoon Forest:59|Ocean:37", "Plains:43|Forest:16|Savannah:16|Monsoon Forest:3|Ocean:22", "Plains:3|Forest:20|Savannah:14|Monsoon Forest:28|Ocean:35", "Forest:14|Savannah:11|Monsoon Forest:48|Rainforest:15|Ocean:12", "Forest:26|Savannah:5|Monsoon Forest:40|Rainforest:25|Ocean:4", "Forest:25|Savannah:25|Monsoon Forest:45|Rainforest:5", "Forest:20|Swamp:30|Monsoon Forest:15|Rainforest:35", "Swamp:60|Monsoon Forest:5|Rainforest:35", "Forest:5|Swamp:15|Monsoon Forest:60|Rainforest:20", "Forest:15|Swamp:20|Monsoon Forest:50|Rainforest:15", "Plains:20|Forest:5|Savannah:55|Monsoon Forest:20", "Plains:25|Savannah:75", "Plains:25|Savannah:55|Monsoon Forest:20", "Forest:5|Savannah:40|Monsoon Forest:55", "Savannah:40|Monsoon Forest:60", "Plains:25|Savannah:75", "Hot Desert:35|Savannah:65", "Desert:20|Plains:15|Hot Desert:25|Savannah:39|Ocean:1", "Plains:21|Savannah:75|Ocean:4", "Forest:30|Swamp:25|Monsoon Forest:25|Rainforest:18|Ocean:2", "Plains:15|Forest:41|Monsoon Forest:40|Ocean:4", "Forest:14|Swamp:76|Rainforest:5|Ocean:5", "Swamp:89|Rainforest:5|Ocean:6", "Forest:41|Monsoon Forest:26|Rainforest:2|Ocean:31", "Plains:1|Forest:7|Savannah:1|Monsoon Forest:46|Ocean:45", "Savannah:34|Ocean:66", "Savannah:52|Ocean:48", "Plains:3|Hot Desert:41|Savannah:31|Ocean:25", "Hot Desert:15|Savannah:47|Ocean:38", "Hot Desert:3|Savannah:30|Ocean:67", "Savannah:62|Ocean:38", "Desert:9|Hot Desert:67|Ocean:24", "Plains:5|Savannah:95", "Hot Desert:7|Savannah:85|Ocean:8", "Savannah:52|Ocean:48", "Monsoon Forest:15|Rainforest:15|Ocean:70", "Rainforest:11|Ocean:89", "Savannah:12|Ocean:88", "Rainforest:2|Ocean:98", "Rainforest:1|Ocean:99", "Ocean:100", "Ocean:100", "Ocean:100", "Rainforest:1|Ocean:99", "Rainforest:1|Ocean:99", "Monsoon Forest:7|Ocean:93", "Monsoon Forest:41|Ocean:59", "Savannah:3|Monsoon Forest:58|Rainforest:3|Ocean:36", "Monsoon Forest:12|Rainforest:63|Ocean:25", "Monsoon Forest:25|Rainforest:64|Ocean:11", "Savannah:5|Monsoon Forest:76|Rainforest:10|Ocean:9", "Monsoon Forest:80|Rainforest:20", "Swamp:40|Monsoon Forest:10|Rainforest:50", "Monsoon Forest:65|Rainforest:35"
"Desert:15|Plains:25|Hot Desert:45|Savannah:15", "Savannah:35|Monsoon Forest:65", "Desert:10|Plains:15|Hot Desert:15|Savannah:60", "Savannah:70|Monsoon Forest:30", "Plains:9|Savannah:86|Ocean:5", "Plains:10|Savannah:80|Monsoon Forest:4|Ocean:6", "Plains:15|Hot Desert:1|Savannah:37|Ocean:47", "Plains:57|Ocean:43", "Forest:20|Savannah:1|Monsoon Forest:13|Ocean:66", "Plains:54|Forest:30|Monsoon Forest:4|Ocean:12", "Plains:10|Forest:24|Savannah:21|Monsoon Forest:38|Ocean:7", "Plains:75|Forest:10|Savannah:10|Monsoon Forest:5", "Plains:20|Forest:75|Monsoon Forest:5", "Swamp:85|Rainforest:15", "Forest:5|Swamp:10|Monsoon Forest:75|Rainforest:10", "Monsoon Forest:40|Rainforest:60", "Monsoon Forest:60|Rainforest:40", "Plains:65|Forest:15|Savannah:20", "Forest:15|Swamp:5|Savannah:10|Monsoon Forest:60|Rainforest:10", "Savannah:50|Monsoon Forest:50", "Plains:5|Savannah:20|Monsoon Forest:75", "Plains:10|Savannah:30|Monsoon Forest:60", "Savannah:55|Monsoon Forest:45", "Plains:47|Savannah:45|Monsoon Forest:5|Ocean:3", "Plains:86|Ocean:14", "Plains:1|Savannah:85|Ocean:14", "Plains:26|Forest:24|Savannah:30|Monsoon Forest:13|Ocean:7", "Forest:50|Swamp:30|Monsoon Forest:10|Rainforest:10", "Forest:75|Swamp:25", "Plains:23|Forest:56|Monsoon Forest:5|Ocean:16", "Plains:26|Forest:5|Savannah:40|Monsoon Forest:3|Ocean:26", "Savannah:45|Monsoon Forest:20|Ocean:35", "Savannah:3|Monsoon Forest:58|Ocean:39", "Savannah:56|Monsoon Forest:30|Ocean:14", "Desert:20|Plains:40|Hot Desert:14|Savannah:11|Ocean:15", "Savannah:50|Ocean:50", "Hot Desert:2|Savannah:67|Ocean:31", "Plains:8|Hot Desert:30|Savannah:26|Ocean:36", "Hot Desert:95|Savannah:5", "Plains:3|Savannah:86|Ocean:11", "Hot Desert:1|Savannah:43|Ocean:56", "Savannah:26|Monsoon Forest:18|Ocean:56", "Ocean:100", "Monsoon Forest:19|Ocean:81", "Ocean:100", "Rainforest:1|Ocean:99", "Ocean:100", "Ocean:100", "Ocean:100", "Ocean:100", "Ocean:100", "Ocean:100", "Monsoon Forest:6|Rainforest:52|Ocean:42", "Savannah:74|Monsoon Forest:9|Ocean:17", "Monsoon Forest:80|Rainforest:20", "Monsoon Forest:90|Rainforest:10", "Savannah:5|Monsoon Forest:80|Rainforest:15", "Monsoon Forest:30|Rainforest:70", "Forest:5|Swamp:75|Monsoon Forest:5|Rainforest:15", "Swamp:75|Rainforest:25"
